CustomerID,Recency,Frequency,Monetary,TotalQuantity,AverageOrderValue,R_Score,F_Score,M_Score,RFM_Score,Segment,CustomerValue
12346,326,1,77183.6,74215,77183.6,1,1,5,115,Big Spenders,Very High Value
12347,2,7,4310.0,2458,615.7142857142857,5,5,5,555,Champions,High Value
12348,75,4,1797.24,2341,449.31,2,4,4,244,At Risk,High Value
12349,19,1,1757.55,631,1757.55,4,1,4,414,New Customers,High Value
12350,310,1,334.40000000000003,197,334.40000000000003,1,1,2,112,Lost Customers,Medium Value
12352,36,8,2506.04,536,313.255,3,5,5,355,Loyal Customers,High Value
12353,204,1,89.0,20,89.0,1,1,1,111,Lost Customers,Low Value
12354,232,1,1079.4,530,1079.4,1,1,4,114,Big Spenders,High Value
12355,214,1,459.40000000000003,240,459.40000000000003,1,1,2,112,Lost Customers,Medium Value
12356,23,3,2811.43,1591,937.1433333333333,4,3,5,435,Potential Loyalists,High Value
12357,33,1,6207.67,2708,6207.67,4,1,5,415,New Customers,Very High Value
12358,2,2,1168.06,248,584.03,5,2,4,524,Potential Loyalists,High Value
12359,58,4,6310.03,1609,1577.5075,3,4,5,345,Loyal Customers,Very High Value
12360,52,3,2662.06,1165,887.3533333333334,3,3,5,335,Big Spenders,High Value
12361,287,1,189.9,91,189.9,1,1,1,111,Lost Customers,Low Value
12362,3,10,5226.2300000000005,2229,522.623,5,5,5,555,Champions,Very High Value
12363,110,2,552.0,408,276.0,2,2,3,223,Lost Customers,Medium Value
12364,8,4,1313.1,1506,328.275,5,4,4,544,Champions,High Value
12365,291,2,641.38,174,320.69,1,2,3,123,Lost Customers,Medium Value
12367,4,1,168.9,173,168.9,5,1,1,511,New Customers,Low Value
12370,51,4,3541.94,2352,885.485,3,4,5,345,Loyal Customers,High Value
12371,45,2,1887.96,591,943.98,3,2,4,324,Big Spenders,High Value
12372,72,3,1298.04,794,432.68,3,3,4,334,Big Spenders,High Value
12373,311,1,364.6,197,364.6,1,1,2,112,Lost Customers,Medium Value
12374,25,1,742.9300000000001,342,742.9300000000001,4,1,3,413,New Customers,Medium Value
12375,11,2,457.5,178,228.75,5,2,2,522,Potential Loyalists,Medium Value
12377,315,2,1628.1200000000001,944,814.0600000000001,1,2,4,124,Big Spenders,High Value
12378,130,1,4008.62,2529,4008.62,2,1,5,215,Big Spenders,High Value
12379,82,2,852.24,407,426.12,2,2,3,223,Lost Customers,Medium Value
12380,22,4,2724.81,1127,681.2025,4,4,5,445,Champions,High Value
12381,5,5,1845.31,808,369.062,5,4,4,544,Champions,High Value
12383,185,5,1850.56,1532,370.11199999999997,1,4,4,144,At Risk,High Value
12384,29,2,585.27,126,292.635,4,2,3,423,Potential Loyalists,Medium Value
12386,338,2,401.90000000000003,354,200.95000000000002,1,2,2,122,Lost Customers,Medium Value
12388,16,6,2780.6600000000003,1462,463.4433333333334,4,4,5,445,Champions,High Value
12390,80,1,549.84,353,549.84,2,1,3,213,Lost Customers,Medium Value
12391,22,1,439.66,293,439.66,4,1,2,412,New Customers,Medium Value
12393,72,4,1582.6000000000001,816,395.65000000000003,3,4,4,344,Loyal Customers,High Value
12394,64,2,1272.48,819,636.24,3,2,4,324,Big Spenders,High Value
12395,19,12,3018.63,2118,251.5525,4,5,5,455,Champions,High Value
12397,36,2,2409.9,1263,1204.95,3,2,5,325,Big Spenders,High Value
12398,46,1,1635.66,1394,1635.66,3,1,4,314,Big Spenders,High Value
12399,119,4,1108.65,1178,277.1625,2,4,4,244,At Risk,High Value
12401,303,1,84.3,11,84.3,1,1,1,111,Lost Customers,Low Value
12402,323,1,225.60000000000002,94,225.60000000000002,1,1,1,111,Lost Customers,Low Value
12403,50,1,427.70000000000005,96,427.70000000000005,3,1,2,312,Regular Customers,Medium Value
12405,149,1,1710.39,857,1710.39,2,1,4,214,Big Spenders,High Value
12406,22,2,3415.3,1818,1707.65,4,2,5,425,Potential Loyalists,High Value
12407,50,5,1708.12,1416,341.62399999999997,3,4,4,344,Loyal Customers,High Value
12408,33,5,2888.55,1409,577.71,4,4,5,445,Champions,High Value
12409,79,3,11072.67,5551,3690.89,2,3,5,235,Big Spenders,Very High Value
12410,309,2,693.33,211,346.665,1,2,3,123,Lost Customers,Medium Value
12412,75,3,1226.88,829,408.96000000000004,2,3,4,234,Big Spenders,High Value
12413,67,3,758.1,286,252.70000000000002,3,3,3,333,Regular Customers,Medium Value
12414,217,3,562.41,300,187.47,1,3,3,133,At Risk,Medium Value
12415,24,21,124914.53,77374,5948.310952380953,4,5,5,455,Champions,Very High Value
12417,3,9,3649.1,1552,405.4555555555555,5,5,5,555,Champions,High Value
12418,113,1,668.58,407,668.58,2,1,3,213,Lost Customers,Medium Value
12420,64,1,600.39,345,600.39,3,1,3,313,Regular Customers,Medium Value
12421,16,4,807.04,484,201.76,4,4,3,443,Loyal Customers,Medium Value
12422,96,3,803.5600000000001,370,267.85333333333335,2,3,3,233,At Risk,Medium Value
12423,1,8,1859.31,1339,232.41375,5,5,4,554,Champions,High Value
12424,163,2,1760.96,740,880.48,2,2,4,224,Big Spenders,High Value
12425,78,1,777.2,496,777.2,2,1,3,213,Lost Customers,Medium Value
12426,195,1,582.73,258,582.73,1,1,3,113,Lost Customers,Medium Value
12427,22,3,825.8000000000001,533,275.2666666666667,4,3,3,433,Potential Loyalists,Medium Value
12428,26,9,7956.46,3536,884.0511111111111,4,5,5,455,Champions,Very High Value
12429,9,4,3750.4,1557,937.6,5,4,5,545,Champions,High Value
12430,43,1,256.4,117,256.4,3,1,2,312,Regular Customers,Medium Value
12431,36,15,6419.95,2896,427.99666666666667,3,5,5,355,Loyal Customers,Very High Value
12432,43,5,5059.32,1801,1011.8639999999999,3,4,5,345,Loyal Customers,Very High Value
12433,1,7,13375.87,11071,1910.8385714285716,5,5,5,555,Champions,Very High Value
12434,85,2,806.14,394,403.07,2,2,3,223,Lost Customers,Medium Value
12435,80,2,7829.89,2055,3914.945,2,2,5,225,Big Spenders,Very High Value
12436,100,1,509.01,211,509.01,2,1,3,213,Lost Customers,Medium Value
12437,2,18,4951.41,2922,275.0783333333333,5,5,5,555,Champions,High Value
12438,14,2,2906.85,1180,1453.425,4,2,5,425,Potential Loyalists,High Value
12441,367,1,173.55,121,173.55,1,1,1,111,Lost Customers,Low Value
12442,3,1,172.06,182,172.06,5,1,1,511,New Customers,Low Value
12444,21,5,5005.46,1153,1001.092,4,4,5,445,Champions,Very High Value
12445,22,1,133.4,62,133.4,4,1,1,411,New Customers,Low Value
12446,58,1,1002.3100000000001,351,1002.3100000000001,3,1,4,314,Big Spenders,High Value
12447,243,1,476.49,190,476.49,1,1,2,112,Lost Customers,Medium Value
12448,44,1,449.45,243,449.45,3,1,2,312,Regular Customers,Medium Value
12449,22,4,4067.29,1553,1016.8225,4,4,5,445,Champions,High Value
12450,156,2,197.88,128,98.94,2,2,1,221,Lost Customers,Low Value
12451,11,5,9035.52,6575,1807.104,5,4,5,545,Champions,Very High Value
12452,17,2,430.57000000000005,185,215.28500000000003,4,2,2,422,Potential Loyalists,Medium Value
12453,134,1,707.09,473,707.09,2,1,3,213,Lost Customers,Medium Value
12454,56,1,3528.34,1006,3528.34,3,1,5,315,Big Spenders,High Value
12455,73,6,2466.86,2089,411.1433333333334,2,4,5,245,At Risk,High Value
12456,44,3,3181.04,1633,1060.3466666666666,3,3,5,335,Big Spenders,High Value
12457,66,7,2363.23,843,337.6042857142857,3,5,5,355,Loyal Customers,High Value
12458,71,2,947.4,506,473.7,3,2,4,324,Big Spenders,Medium Value
12461,94,2,826.88,287,413.44,2,2,3,223,Lost Customers,Medium Value
12462,19,2,1189.59,536,594.795,4,2,4,424,Potential Loyalists,High Value
12463,53,4,1344.78,776,336.195,3,4,4,344,Loyal Customers,High Value
12464,10,8,1212.05,112,151.50625,5,5,4,554,Champions,High Value
12465,17,2,742.19,479,371.095,4,2,3,423,Potential Loyalists,Medium Value
12468,188,2,729.5400000000001,366,364.77000000000004,1,2,3,123,Lost Customers,Medium Value
12471,2,30,19788.65,8200,659.6216666666667,5,5,5,555,Champions,Very High Value
12472,32,7,6572.11,4148,938.8728571428571,4,5,5,455,Champions,Very High Value
12473,29,5,3928.05,2414,785.61,4,4,5,445,Champions,High Value
12474,17,18,7324.09,4833,406.8938888888889,4,5,5,455,Champions,Very High Value
12475,54,1,723.38,535,723.38,3,1,3,313,Regular Customers,Medium Value
12476,16,11,6816.42,2408,619.6745454545454,4,5,5,455,Champions,Very High Value
12477,23,6,13219.74,3653,2203.29,4,4,5,445,Champions,Very High Value
12478,4,1,680.99,236,680.99,5,1,3,513,New Customers,Medium Value
12479,11,1,527.2,385,527.2,5,1,3,513,New Customers,Medium Value
12480,28,4,3281.63,1707,820.4075,4,4,5,445,Champions,High Value
12481,23,10,5579.82,3294,557.982,4,5,5,455,Champions,Very High Value
12483,17,8,2484.98,1110,310.6225,4,5,5,455,Champions,High Value
12484,33,6,4527.32,2187,754.5533333333333,4,4,5,445,Champions,High Value
12488,10,3,1298.66,529,432.8866666666667,5,3,4,534,Potential Loyalists,High Value
12489,336,1,334.93,105,334.93,1,1,2,112,Lost Customers,Medium Value
12490,5,10,5417.93,3064,541.793,5,5,5,555,Champions,Very High Value
12491,39,1,460.40000000000003,260,460.40000000000003,3,1,2,312,Regular Customers,Medium Value
12492,63,2,263.21000000000004,192,131.60500000000002,3,2,2,322,Regular Customers,Medium Value
12493,166,2,433.74,207,216.87,2,2,2,222,Lost Customers,Medium Value
12494,16,7,1246.1,707,178.0142857142857,4,5,4,454,Champions,High Value
12497,82,1,1043.1,1236,1043.1,2,1,4,214,Big Spenders,High Value
12498,21,3,403.70000000000005,159,134.5666666666667,4,3,2,432,Potential Loyalists,Medium Value
12500,23,11,4257.82,2678,387.07454545454544,4,5,5,455,Champions,High Value
12501,337,1,2169.39,1783,2169.39,1,1,5,115,Big Spenders,High Value
12502,96,5,3723.87,820,744.774,2,4,5,245,At Risk,High Value
12504,18,2,482.04999999999995,90,241.02499999999998,4,2,2,422,Potential Loyalists,Medium Value
12506,233,1,73.5,23,73.5,1,1,1,111,Lost Customers,Low Value
12507,134,3,1304.81,894,434.93666666666667,2,3,4,234,Big Spenders,High Value
12508,26,2,397.88,271,198.94,4,2,2,422,Potential Loyalists,Medium Value
12509,284,1,176.5,55,176.5,1,1,1,111,Lost Customers,Low Value
12510,143,2,982.5699999999999,353,491.28499999999997,2,2,4,224,Big Spenders,Medium Value
12512,66,2,132.18,96,66.09,3,2,1,321,Regular Customers,Low Value
12513,113,1,612.29,462,612.29,2,1,3,213,Lost Customers,Medium Value
12514,267,1,1017.6800000000001,440,1017.6800000000001,1,1,4,114,Big Spenders,High Value
12515,353,1,383.7,131,383.7,1,1,2,112,Lost Customers,Medium Value
12516,78,2,1312.06,875,656.03,2,2,4,224,Big Spenders,High Value
12517,28,5,2481.6,1361,496.32,4,4,5,445,Champions,High Value
12518,1,5,2056.89,1318,411.378,5,4,5,545,Champions,High Value
12519,64,1,330.84000000000003,175,330.84000000000003,3,1,2,312,Regular Customers,Medium Value
12520,79,5,2634.26,1439,526.8520000000001,2,4,5,245,At Risk,High Value
12521,143,1,599.6800000000001,309,599.6800000000001,2,1,3,213,Lost Customers,Medium Value
12522,39,2,192.72,194,96.36,3,2,1,321,Regular Customers,Low Value
12523,19,11,1789.77,865,162.70636363636365,4,5,4,454,Champions,High Value
12524,9,8,4485.72,3699,560.715,5,5,5,555,Champions,High Value
12526,1,3,1316.66,632,438.8866666666667,5,3,4,534,Potential Loyalists,High Value
12527,82,3,348.71000000000004,234,116.23666666666668,2,3,2,232,At Risk,Medium Value
12528,9,6,1933.48,756,322.24666666666667,5,5,4,554,Champions,High Value
12530,60,4,1662.28,913,415.57,3,4,4,344,Loyal Customers,High Value
12531,15,1,125.22,45,125.22,4,1,1,411,New Customers,Low Value
12532,30,1,349.83000000000004,153,349.83000000000004,4,1,2,412,New Customers,Medium Value
12534,131,1,1089.18,651,1089.18,2,1,4,214,Big Spenders,High Value
12535,92,2,716.35,219,358.175,2,2,3,223,Lost Customers,Medium Value
12536,43,3,12601.830000000002,2803,4200.610000000001,3,3,5,335,Big Spenders,Very High Value
12538,29,1,363.95,191,363.95,4,1,2,412,New Customers,Medium Value
12539,22,4,5568.35,2067,1392.0875,4,4,5,445,Champions,Very High Value
12540,20,17,13400.24,6685,788.2494117647059,4,5,5,455,Champions,Very High Value
12541,30,3,981.18,680,327.06,4,3,4,434,Potential Loyalists,Medium Value
12544,36,1,372.7,136,372.7,3,1,2,312,Regular Customers,Medium Value
12545,75,2,1000.39,523,500.195,2,2,4,224,Big Spenders,High Value
12546,47,2,1161.5,633,580.75,3,2,4,324,Big Spenders,High Value
12547,198,2,207.8,134,103.9,1,2,1,121,Lost Customers,Low Value
12548,166,1,95.19999999999999,49,95.19999999999999,2,1,1,211,Lost Customers,Low Value
12550,79,1,964.83,569,964.83,2,1,4,214,Big Spenders,Medium Value
12551,358,1,168.0,100,168.0,1,1,1,111,Lost Customers,Low Value
12552,39,2,437.82,88,218.91,3,2,2,322,Regular Customers,Medium Value
12553,8,10,3692.28,1965,369.228,5,5,5,555,Champions,High Value
12556,50,2,599.56,355,299.78,3,2,3,323,Regular Customers,Medium Value
12557,16,5,11990.960000000001,4384,2398.192,4,4,5,445,Champions,Very High Value
12558,8,1,269.96,196,269.96,5,1,2,512,New Customers,Medium Value
12559,311,2,561.71,283,280.855,1,2,3,123,Lost Customers,Medium Value
12560,5,3,2134.01,1110,711.3366666666667,5,3,5,535,Potential Loyalists,High Value
12561,303,1,238.85,177,238.85,1,1,1,111,Lost Customers,Low Value
12562,8,7,3781.7400000000002,1779,540.2485714285715,5,5,5,555,Champions,High Value
12564,261,1,456.90000000000003,133,456.90000000000003,1,1,2,112,Lost Customers,Medium Value
12565,289,1,145.92000000000002,80,145.92000000000002,1,1,1,111,Lost Customers,Low Value
12566,86,1,351.65,265,351.65,2,1,2,212,Lost Customers,Medium Value
12567,23,10,9401.28,4305,940.128,4,5,5,455,Champions,Very High Value
12569,2,32,4124.6900000000005,1801,128.89656250000002,5,5,5,555,Champions,High Value
12571,40,2,519.61,523,259.805,3,2,3,323,Regular Customers,Medium Value
12572,9,2,1020.4200000000001,452,510.21000000000004,5,2,4,524,Potential Loyalists,High Value
12573,227,1,160.54000000000002,84,160.54000000000002,1,1,1,111,Lost Customers,Low Value
12574,316,1,218.45000000000002,61,218.45000000000002,1,1,1,111,Lost Customers,Low Value
12576,36,5,1315.83,967,263.166,3,4,4,344,Loyal Customers,High Value
12577,35,3,626.6,469,208.86666666666667,3,3,3,333,Regular Customers,Medium Value
12578,21,2,2794.51,1196,1397.255,4,2,5,425,Potential Loyalists,High Value
12579,78,1,440.42,285,440.42,2,1,2,212,Lost Customers,Medium Value
12580,247,1,415.7,238,415.7,1,1,2,112,Lost Customers,Medium Value
12581,40,1,197.71,161,197.71,3,1,1,311,Regular Customers,Low Value
12582,239,2,511.36,300,255.68,1,2,3,123,Lost Customers,Medium Value
12583,3,15,7281.38,5060,485.42533333333336,5,5,5,555,Champions,Very High Value
12584,4,9,2338.15,416,259.7944444444445,5,5,5,555,Champions,High Value
12585,234,2,2040.1000000000001,1279,1020.0500000000001,1,2,4,124,Big Spenders,High Value
12586,17,1,196.94,79,196.94,4,1,1,411,New Customers,Low Value
12587,8,1,144.0,51,144.0,5,1,1,511,New Customers,Low Value
12588,39,1,214.9,53,214.9,3,1,1,311,Regular Customers,Low Value
12589,29,2,646.68,306,323.34,4,2,3,423,Potential Loyalists,Medium Value
12590,211,2,9864.26,4283,4932.13,1,2,5,125,Big Spenders,Very High Value
12591,317,1,452.85,228,452.85,1,1,2,112,Lost Customers,Medium Value
12592,92,2,437.6,290,218.8,2,2,2,222,Lost Customers,Medium Value
12593,109,3,418.09999999999997,206,139.36666666666665,2,3,2,232,At Risk,Medium Value
12594,38,10,3338.2200000000003,1777,333.822,3,5,5,355,Loyal Customers,High Value
12596,51,2,618.27,474,309.135,3,2,3,323,Regular Customers,Medium Value
12597,19,4,3811.2200000000003,2236,952.8050000000001,4,4,5,445,Champions,High Value
12598,10,8,3023.08,1964,377.885,5,5,5,555,Champions,High Value
12599,29,7,1032.58,956,147.51142857142855,4,5,4,454,Champions,High Value
12600,29,10,2599.04,774,259.904,4,5,5,455,Champions,High Value
12601,190,5,577.0600000000001,245,115.412,1,4,3,143,At Risk,Medium Value
12602,59,1,153.12,162,153.12,3,1,1,311,Regular Customers,Low Value
12603,22,1,739.1999999999999,63,739.1999999999999,4,1,3,413,New Customers,Medium Value
12604,79,2,254.18,201,127.09,2,2,2,222,Lost Customers,Medium Value
12607,60,1,1579.51,1228,1579.51,3,1,4,314,Big Spenders,High Value
12609,78,3,1126.85,648,375.6166666666666,2,3,4,234,Big Spenders,High Value
12610,23,5,2099.54,1049,419.908,4,4,5,445,Champions,High Value
12611,52,1,1193.32,846,1193.32,3,1,4,314,Big Spenders,High Value
12612,74,1,704.04,262,704.04,2,1,3,213,Lost Customers,Medium Value
12613,57,5,3344.38,1644,668.876,3,4,5,345,Loyal Customers,High Value
12614,278,1,315.6,76,315.6,1,1,2,112,Lost Customers,Medium Value
12615,2,4,2291.19,1376,572.7975,5,4,5,545,Champions,High Value
12616,95,2,713.3,284,356.65,2,2,3,223,Lost Customers,Medium Value
12617,29,1,352.98,210,352.98,4,1,2,412,New Customers,Medium Value
12618,22,1,177.31,96,177.31,4,1,1,411,New Customers,Low Value
12619,16,9,3641.24,3378,404.5822222222222,4,5,5,455,Champions,High Value
12620,15,3,1339.41,1181,446.47,4,3,4,434,Potential Loyalists,High Value
12621,2,20,13689.67,7440,684.4835,5,5,5,555,Champions,Very High Value
12622,232,1,180.1,69,180.1,1,1,1,111,Lost Customers,Low Value
12623,276,1,305.1,191,305.1,1,1,2,112,Lost Customers,Medium Value
12624,106,2,641.13,355,320.565,2,2,3,223,Lost Customers,Medium Value
12625,212,2,2683.82,1612,1341.91,1,2,5,125,Big Spenders,High Value
12626,23,9,6620.4800000000005,3453,735.6088888888889,4,5,5,455,Champions,Very High Value
12627,11,7,4478.53,2752,639.79,5,5,5,555,Champions,High Value
12628,4,3,786.46,448,262.15333333333336,5,3,3,533,Potential Loyalists,Medium Value
12630,10,2,1270.88,548,635.44,5,2,4,524,Potential Loyalists,High Value
12631,57,1,640.5,236,640.5,3,1,3,313,Regular Customers,Medium Value
12633,59,4,2163.98,1162,540.995,3,4,5,345,Loyal Customers,High Value
12635,90,2,1689.18,1172,844.59,2,2,4,224,Big Spenders,High Value
12637,67,8,6002.9,2994,750.3625,3,5,5,355,Loyal Customers,Very High Value
12638,33,1,671.6899999999999,577,671.6899999999999,4,1,3,413,New Customers,Medium Value
12639,239,1,486.1,201,486.1,1,1,2,112,Lost Customers,Medium Value
12640,24,3,1174.58,311,391.52666666666664,4,3,4,434,Potential Loyalists,High Value
12641,115,1,185.9,72,185.9,2,1,1,211,Lost Customers,Low Value
12642,25,3,1013.26,552,337.75333333333333,4,3,4,434,Potential Loyalists,High Value
12643,128,6,3344.64,1808,557.4399999999999,2,5,5,255,At Risk,High Value
12644,130,1,477.90999999999997,325,477.90999999999997,2,1,2,212,Lost Customers,Medium Value
12645,34,4,1775.18,1084,443.795,3,4,4,344,Loyal Customers,High Value
12646,5,2,1346.97,897,673.485,5,2,4,524,Potential Loyalists,High Value
12647,22,12,3722.82,1431,310.235,4,5,5,455,Champions,High Value
12648,155,1,318.05,160,318.05,2,1,2,212,Lost Customers,Medium Value
12649,107,3,623.51,586,207.83666666666667,2,3,3,233,At Risk,Medium Value
12650,3,1,314.44,254,314.44,5,1,2,512,New Customers,Medium Value
12651,335,1,114.0,78,114.0,1,1,1,111,Lost Customers,Low Value
12652,331,1,919.98,505,919.98,1,1,3,113,Lost Customers,Medium Value
12653,149,2,2209.85,919,1104.925,2,2,5,225,Big Spenders,High Value
12654,11,5,601.98,264,120.396,5,4,3,543,Loyal Customers,Medium Value
12656,17,5,4051.17,1723,810.234,4,4,5,445,Champions,High Value
12657,11,4,1643.18,1044,410.795,5,4,4,544,Champions,High Value
12658,19,1,686.05,320,686.05,4,1,3,413,New Customers,Medium Value
12659,30,1,91.68,105,91.68,4,1,1,411,New Customers,Low Value
12660,11,1,245.10000000000002,127,245.10000000000002,5,1,1,511,New Customers,Low Value
12662,1,11,3849.78,2058,349.98,5,5,5,555,Champions,High Value
12664,8,9,4881.88,1203,542.4311111111111,5,5,5,555,Champions,High Value
12665,325,1,63.0,37,63.0,1,1,1,111,Lost Customers,Low Value
12667,58,1,620.13,395,620.13,3,1,3,313,Regular Customers,Medium Value
12668,12,4,3807.15,1634,951.7875,5,4,5,545,Champions,High Value
12669,151,3,2744.0299999999997,1115,914.6766666666666,2,3,5,235,Big Spenders,High Value
12670,10,5,2996.05,1397,599.21,5,4,5,545,Champions,High Value
12672,330,1,225.9,78,225.9,1,1,1,111,Lost Customers,Low Value
12673,5,2,610.52,351,305.26,5,2,3,523,Potential Loyalists,Medium Value
12674,39,4,1970.6,1133,492.65,3,4,4,344,Loyal Customers,High Value
12676,25,6,1331.39,670,221.89833333333334,4,5,4,454,Champions,High Value
12678,42,12,17628.46,10923,1469.0383333333332,3,5,5,355,Loyal Customers,Very High Value
12679,59,4,1113.02,554,278.255,3,4,4,344,Loyal Customers,High Value
12680,1,4,862.8100000000001,443,215.70250000000001,5,4,3,543,Loyal Customers,Medium Value
12681,15,22,13787.54,7536,626.7063636363637,4,5,5,455,Champions,Very High Value
12682,4,31,12279.82,5555,396.1232258064516,5,5,5,555,Champions,Very High Value
12683,4,15,8476.57,4987,565.1046666666666,5,5,5,555,Champions,Very High Value
12684,8,7,2283.63,1985,326.23285714285714,5,5,5,555,Champions,High Value
12685,28,6,2863.08,1523,477.18,4,5,5,455,Champions,High Value
12686,372,1,89.14,107,89.14,1,1,1,111,Lost Customers,Low Value
12688,114,1,4873.81,3028,4873.81,2,1,5,215,Big Spenders,High Value
12689,26,2,1247.61,628,623.805,4,2,4,424,Potential Loyalists,High Value
12690,206,1,389.01,106,389.01,1,1,2,112,Lost Customers,Medium Value
12691,28,6,1035.8,394,172.63333333333333,4,5,4,454,Champions,High Value
12693,127,4,855.91,255,213.9775,2,4,3,243,At Risk,Medium Value
12694,70,2,869.67,509,434.835,3,2,3,323,Regular Customers,Medium Value
12695,7,4,582.1,220,145.525,5,4,3,543,Loyal Customers,Medium Value
12697,29,3,957.59,508,319.19666666666666,4,3,4,434,Potential Loyalists,Medium Value
12700,8,4,4939.99,2967,1234.9975,5,4,5,545,Champions,High Value
12701,80,2,797.71,678,398.855,2,2,3,223,Lost Customers,Medium Value
12702,20,1,219.0,53,219.0,4,1,1,411,New Customers,Low Value
12703,71,1,283.55,164,283.55,3,1,2,312,Regular Customers,Medium Value
12704,7,8,2340.84,1006,292.605,5,5,5,555,Champions,High Value
12705,15,9,6868.29,3997,763.1433333333333,4,5,5,455,Champions,Very High Value
12707,292,1,603.42,256,603.42,1,1,3,113,Lost Customers,Medium Value
12708,30,10,2712.91,1307,271.291,4,5,5,455,Champions,High Value
12709,15,15,9706.52,3912,647.1013333333334,4,5,5,455,Champions,Very High Value
12710,97,3,1149.02,851,383.00666666666666,2,3,4,234,Big Spenders,High Value
12712,29,13,4396.13,1062,338.1638461538462,4,5,5,455,Champions,High Value
12713,1,1,848.55,508,848.55,5,1,3,513,New Customers,Medium Value
12714,9,5,4708.86,3069,941.7719999999999,5,4,5,545,Champions,High Value
12715,106,1,343.36,192,343.36,2,1,2,212,Lost Customers,Medium Value
12716,4,2,1053.49,708,526.745,5,2,4,524,Potential Loyalists,High Value
12717,151,2,1030.98,506,515.49,2,2,4,224,Big Spenders,High Value
12718,71,1,238.25,203,238.25,3,1,1,311,Regular Customers,Low Value
12719,5,2,644.95,374,322.475,5,2,3,523,Potential Loyalists,Medium Value
12720,3,25,5781.73,4672,231.26919999999998,5,5,5,555,Champions,Very High Value
12721,32,6,2656.13,1959,442.68833333333333,4,5,5,455,Champions,High Value
12722,85,4,997.63,566,249.4075,2,4,4,244,At Risk,Medium Value
12723,4,5,725.07,434,145.014,5,4,3,543,Loyal Customers,Medium Value
12724,5,4,1031.41,445,257.8525,5,4,4,544,Champions,High Value
12725,371,1,427.8,164,427.8,1,1,2,112,Lost Customers,Medium Value
12726,28,7,2609.1,3143,372.7285714285714,4,5,5,455,Champions,High Value
12727,11,7,3980.7000000000003,2098,568.6714285714286,5,5,5,555,Champions,High Value
12728,71,4,836.33,419,209.0825,3,4,3,343,Loyal Customers,Medium Value
12729,114,1,453.01,233,453.01,2,1,2,212,Lost Customers,Medium Value
12731,24,12,18895.91,8437,1574.6591666666666,4,5,5,455,Champions,Very High Value
12732,180,1,236.26000000000002,111,236.26000000000002,1,1,1,111,Lost Customers,Low Value
12733,234,1,383.95,137,383.95,1,1,2,112,Lost Customers,Medium Value
12734,353,1,110.39999999999999,88,110.39999999999999,1,1,1,111,Lost Customers,Low Value
12735,315,2,779.5699999999999,368,389.78499999999997,1,2,3,123,Lost Customers,Medium Value
12736,333,1,234.0,173,234.0,1,1,1,111,Lost Customers,Low Value
12738,372,1,155.35,148,155.35,1,1,1,111,Lost Customers,Low Value
12739,78,2,1013.04,486,506.52,2,2,4,224,Big Spenders,High Value
12740,64,1,427.6,342,427.6,3,1,2,312,Regular Customers,Medium Value
12743,134,2,540.13,315,270.065,2,2,3,223,Lost Customers,Medium Value
12744,52,7,21279.29,5241,3039.8985714285714,3,5,5,355,Loyal Customers,Very High Value
12747,2,11,4196.01,1275,381.4554545454546,5,5,5,555,Champions,High Value
12748,1,209,33053.19,25287,158.14923444976077,5,5,5,555,Champions,Very High Value
12749,4,5,4090.88,1471,818.176,5,4,5,545,Champions,High Value
12750,129,1,275.88,137,275.88,2,1,2,212,Lost Customers,Medium Value
12752,81,1,4366.78,2262,4366.78,2,1,5,215,Big Spenders,High Value
12753,23,6,21429.39,11421,3571.565,4,5,5,455,Champions,Very High Value
12754,236,3,3010.74,6481,1003.5799999999999,1,3,5,135,Big Spenders,High Value
12755,281,2,3811.9500000000003,1491,1905.9750000000001,1,2,5,125,Big Spenders,High Value
12756,87,1,112.08,144,112.08,2,1,1,211,Lost Customers,Low Value
12757,16,13,7834.650000000001,2395,602.6653846153847,4,5,5,455,Champions,Very High Value
12758,117,2,2791.59,2135,1395.795,2,2,5,225,Big Spenders,High Value
12759,52,3,1531.44,902,510.48,3,3,4,334,Big Spenders,High Value
12762,8,2,1898.52,1227,949.26,5,2,4,524,Potential Loyalists,High Value
12763,138,2,494.08,316,247.04,2,2,3,223,Lost Customers,Medium Value
12764,317,1,1693.88,386,1693.88,1,1,4,114,Big Spenders,High Value
12766,4,7,6989.63,3646,998.5185714285715,5,5,5,555,Champions,Very High Value
12769,239,1,1143.6,356,1143.6,1,1,4,114,Big Spenders,High Value
12770,211,1,1351.45,743,1351.45,1,1,4,114,Big Spenders,High Value
12772,60,1,892.47,556,892.47,3,1,3,313,Regular Customers,Medium Value
12775,17,5,1386.04,877,277.20799999999997,4,4,4,444,Champions,High Value
12778,20,6,822.23,825,137.03833333333333,4,5,3,453,Loyal Customers,Medium Value
12779,38,8,3981.36,2024,497.67,3,5,5,355,Loyal Customers,High Value
12781,64,2,826.74,671,413.37,3,2,3,323,Regular Customers,Medium Value
12782,5,5,2330.92,1086,466.184,5,4,5,545,Champions,High Value
12783,2,6,2225.91,624,370.98499999999996,5,5,5,555,Champions,High Value
12784,9,2,532.82,280,266.41,5,2,3,523,Potential Loyalists,Medium Value
12785,364,1,311.95,131,311.95,1,1,2,112,Lost Customers,Medium Value
12787,10,3,463.66,261,154.55333333333334,5,3,2,532,Potential Loyalists,Medium Value
12789,65,1,91.85,4,91.85,3,1,1,311,Regular Customers,Low Value
12790,192,1,324.92,166,324.92,1,1,2,112,Lost Customers,Medium Value
12791,374,1,192.60000000000002,97,192.60000000000002,1,1,1,111,Lost Customers,Low Value
12792,257,1,400.54,217,400.54,1,1,2,112,Lost Customers,Medium Value
12793,335,2,545.48,295,272.74,1,2,3,123,Lost Customers,Medium Value
12794,53,2,860.41,592,430.205,3,2,3,323,Regular Customers,Medium Value
12795,19,1,430.48,68,430.48,4,1,2,412,New Customers,Medium Value
12797,366,1,254.03,118,254.03,1,1,2,112,Lost Customers,Medium Value
12798,10,3,6977.04,5256,2325.68,5,3,5,535,Potential Loyalists,Very High Value
12802,187,1,427.58,314,427.58,1,1,2,112,Lost Customers,Medium Value
12808,37,3,483.65,188,161.21666666666667,3,3,2,332,Regular Customers,Medium Value
12809,178,1,489.31,220,489.31,2,1,3,213,Lost Customers,Medium Value
12811,261,3,514.85,230,171.61666666666667,1,3,3,133,At Risk,Medium Value
12812,45,1,229.64000000000001,164,229.64000000000001,3,1,1,311,Regular Customers,Low Value
12814,102,1,125.92,49,125.92,2,1,1,211,Lost Customers,Low Value
12815,148,2,1063.46,379,531.73,2,2,4,224,Big Spenders,High Value
12816,96,2,572.2,128,286.1,2,2,3,223,Lost Customers,Medium Value
12817,281,1,166.04000000000002,53,166.04000000000002,1,1,1,111,Lost Customers,Low Value
12818,262,1,1542.08,929,1542.08,1,1,4,114,Big Spenders,High Value
12820,3,4,942.34,722,235.585,5,4,4,544,Champions,Medium Value
12821,214,1,92.72,70,92.72,1,1,1,111,Lost Customers,Low Value
12822,71,2,948.88,550,474.44,3,2,4,324,Big Spenders,Medium Value
12823,75,5,1759.5,230,351.9,2,4,4,244,At Risk,High Value
12824,60,1,397.12,232,397.12,3,1,2,312,Regular Customers,Medium Value
12826,3,7,1474.72,1058,210.67428571428573,5,5,4,554,Champions,High Value
12827,6,3,430.15000000000003,197,143.38333333333335,5,3,2,532,Potential Loyalists,Medium Value
12828,3,6,1018.71,494,169.785,5,5,4,554,Champions,High Value
12829,337,2,293.0,376,146.5,1,2,2,122,Lost Customers,Medium Value
12830,38,6,6814.64,9848,1135.7733333333333,3,5,5,355,Loyal Customers,Very High Value
12831,262,1,215.05,135,215.05,1,1,1,111,Lost Customers,Low Value
12832,32,2,383.03000000000003,195,191.51500000000001,4,2,2,422,Potential Loyalists,Medium Value
12833,145,1,417.38,156,417.38,2,1,2,212,Lost Customers,Medium Value
12834,283,1,312.38,110,312.38,1,1,2,112,Lost Customers,Medium Value
12836,59,4,2610.36,1062,652.59,3,4,5,345,Loyal Customers,High Value
12837,173,1,134.1,24,134.1,2,1,1,211,Lost Customers,Low Value
12838,34,2,671.95,355,335.975,3,2,3,323,Regular Customers,Medium Value
12839,3,14,5591.42,3807,399.38714285714286,5,5,5,555,Champions,Very High Value
12840,144,4,2726.77,1511,681.6925,2,4,5,245,At Risk,High Value
12841,5,25,3991.58,2720,159.6632,5,5,5,555,Champions,High Value
12842,70,2,1118.99,547,559.495,3,2,4,324,Big Spenders,High Value
12843,66,8,1702.26,781,212.7825,3,5,4,354,Loyal Customers,High Value
12844,29,2,325.96000000000004,125,162.98000000000002,4,2,2,422,Potential Loyalists,Medium Value
12845,267,4,354.09000000000003,204,88.52250000000001,1,4,2,142,At Risk,Medium Value
12847,22,1,843.64,873,843.64,4,1,3,413,New Customers,Medium Value
12849,31,2,1010.29,597,505.145,4,2,4,424,Potential Loyalists,High Value
12851,97,1,131.81,106,131.81,2,1,1,211,Lost Customers,Low Value
12852,295,1,311.55,149,311.55,1,1,2,112,Lost Customers,Medium Value
12853,135,6,1957.1,800,326.18333333333334,2,5,4,254,At Risk,High Value
12854,79,3,1316.25,626,438.75,2,3,4,234,Big Spenders,High Value
12855,373,1,38.1,30,38.1,1,1,1,111,Lost Customers,Low Value
12856,8,6,2170.78,1076,361.7966666666667,5,5,5,555,Champions,High Value
12857,211,2,1106.4,343,553.2,1,2,4,124,Big Spenders,High Value
12863,52,1,521.1999999999999,188,521.1999999999999,3,1,3,313,Regular Customers,Medium Value
12864,138,1,147.12,216,147.12,2,1,1,211,Lost Customers,Low Value
12865,26,2,1568.23,925,784.115,4,2,4,424,Potential Loyalists,High Value
12866,283,1,559.12,171,559.12,1,1,3,113,Lost Customers,Medium Value
12867,26,7,4009.34,4284,572.7628571428571,4,5,5,455,Champions,High Value
12868,186,6,1607.0600000000002,928,267.84333333333336,1,5,4,154,At Risk,High Value
12871,84,2,380.64,200,190.32,2,2,2,222,Lost Customers,Medium Value
12872,327,2,599.97,319,299.985,1,2,3,123,Lost Customers,Medium Value
12873,282,1,374.0,128,374.0,1,1,2,112,Lost Customers,Medium Value
12875,143,2,343.2300000000001,2019,171.61500000000004,2,2,2,222,Lost Customers,Medium Value
12876,58,2,2218.02,1941,1109.01,3,2,5,325,Big Spenders,High Value
12877,4,12,1535.77,1178,127.98083333333334,5,5,4,554,Champions,High Value
12878,236,2,854.99,547,427.495,1,2,3,123,Lost Customers,Medium Value
12879,45,3,573.22,370,191.07333333333335,3,3,3,333,Regular Customers,Medium Value
12881,276,1,298.0,21,298.0,1,1,2,112,Lost Customers,Medium Value
12882,9,2,1463.04,246,731.52,5,2,4,524,Potential Loyalists,High Value
12883,25,4,703.47,196,175.8675,4,4,3,443,Loyal Customers,Medium Value
12884,88,1,309.05,43,309.05,2,1,2,212,Lost Customers,Medium Value
12885,63,3,1175.22,655,391.74,3,3,4,334,Big Spenders,High Value
12886,68,2,1378.4,770,689.2,3,2,4,324,Big Spenders,High Value
12888,214,2,354.12,76,177.06,1,2,2,122,Lost Customers,Medium Value
12890,24,1,376.71999999999997,256,376.71999999999997,4,1,2,412,New Customers,Medium Value
12891,186,3,331.0,950,110.33333333333333,1,3,2,132,At Risk,Medium Value
12893,31,1,176.55,90,176.55,4,1,1,411,New Customers,Low Value
12895,42,2,372.8,210,186.4,3,2,2,322,Regular Customers,Medium Value
12897,205,2,216.5,110,108.25,1,2,1,121,Lost Customers,Low Value
12901,9,28,17654.54,23075,630.5192857142857,5,5,5,555,Champions,Very High Value
12902,265,1,138.68,66,138.68,1,1,1,111,Lost Customers,Low Value
12904,18,2,496.06,294,248.03,4,2,3,423,Potential Loyalists,Medium Value
12906,12,5,2919.81,1749,583.962,5,4,5,545,Champions,High Value
12908,176,2,750.0,1200,375.0,2,2,3,223,Lost Customers,Medium Value
12909,40,5,2178.67,1280,435.73400000000004,3,4,5,345,Loyal Customers,High Value
12910,23,8,3075.04,1692,384.38,4,5,5,455,Champions,High Value
12912,3,5,1662.3,670,332.46,5,4,4,544,Champions,High Value
12913,5,5,2483.63,1419,496.726,5,4,5,545,Champions,High Value
12915,149,2,363.65,93,181.825,2,2,2,222,Lost Customers,Medium Value
12916,139,4,2944.95,1083,736.2375,2,4,5,245,At Risk,High Value
12917,128,1,594.0,120,594.0,2,1,3,213,Lost Customers,Medium Value
12919,8,6,1335.19,673,222.53166666666667,5,5,4,554,Champions,High Value
12920,17,1,162.78,128,162.78,4,1,1,411,New Customers,Low Value
12921,9,37,16587.09,9526,448.29972972972973,5,5,5,555,Champions,Very High Value
12922,161,1,405.38,370,405.38,2,1,2,212,Lost Customers,Medium Value
12923,64,1,172.82,68,172.82,3,1,1,311,Regular Customers,Low Value
12924,88,4,933.7,481,233.425,2,4,4,244,At Risk,Medium Value
12925,5,2,694.05,541,347.025,5,2,3,523,Potential Loyalists,Medium Value
12928,35,5,2062.7,1472,412.53999999999996,3,4,5,345,Loyal Customers,High Value
12929,312,1,117.85,37,117.85,1,1,1,111,Lost Customers,Low Value
12930,78,2,415.8,252,207.9,2,2,2,222,Lost Customers,Medium Value
12931,22,15,42055.96,28004,2803.730666666667,4,5,5,455,Champions,Very High Value
12933,24,3,607.53,499,202.51,4,3,3,433,Potential Loyalists,Medium Value
12935,2,7,2160.7,1853,308.6714285714285,5,5,5,555,Champions,High Value
12936,17,4,1063.9,559,265.975,4,4,4,444,Champions,High Value
12937,15,4,1504.27,1007,376.0675,4,4,4,444,Champions,High Value
12938,26,1,114.14,140,114.14,4,1,1,411,New Customers,Low Value
12939,64,8,11581.8,4876,1447.725,3,5,5,355,Loyal Customers,Very High Value
12940,55,2,899.69,404,449.845,3,2,3,323,Regular Customers,Medium Value
12942,131,3,675.6,198,225.20000000000002,2,3,3,233,At Risk,Medium Value
12944,36,2,604.51,289,302.255,3,2,3,323,Regular Customers,Medium Value
12945,288,1,462.95,165,462.95,1,1,2,112,Lost Customers,Medium Value
12947,144,6,1603.99,1165,267.33166666666665,2,5,4,254,At Risk,High Value
12948,16,7,2064.95,1080,294.99285714285713,4,5,5,455,Champions,High Value
12949,31,8,4167.22,2381,520.9025,4,5,5,455,Champions,High Value
12950,2,3,1843.0,1380,614.3333333333334,5,3,4,534,Potential Loyalists,High Value
12951,9,6,1064.07,503,177.345,5,5,4,554,Champions,High Value
12952,6,4,1387.79,653,346.9475,5,4,4,544,Champions,High Value
12953,10,1,329.85,84,329.85,5,1,2,512,New Customers,Medium Value
12955,1,11,4757.16,3664,432.4690909090909,5,5,5,555,Champions,High Value
12956,306,1,108.07,34,108.07,1,1,1,111,Lost Customers,Low Value
12957,10,8,4017.54,2549,502.1925,5,5,5,555,Champions,High Value
12962,7,2,266.39,129,133.195,5,2,2,522,Potential Loyalists,Medium Value
12963,8,8,1856.63,881,232.07875,5,5,4,554,Champions,High Value
12965,89,1,769.8100000000001,282,769.8100000000001,2,1,3,213,Lost Customers,Medium Value
12966,10,1,160.18,75,160.18,5,1,1,511,New Customers,Low Value
12967,358,2,1660.9,438,830.45,1,2,4,124,Big Spenders,High Value
12968,112,1,135.95,73,135.95,2,1,1,211,Lost Customers,Low Value
12970,7,4,405.46999999999997,268,101.36749999999999,5,4,2,542,Potential Loyalists,Medium Value
12971,4,86,11189.91,9289,130.11523255813952,5,5,5,555,Champions,Very High Value
12974,198,1,144.8,24,144.8,1,1,1,111,Lost Customers,Low Value
12976,212,1,738.6,561,738.6,1,1,3,113,Lost Customers,Medium Value
12977,156,1,39.24,12,39.24,2,1,1,211,Lost Customers,Low Value
12980,158,9,7374.900000000001,886,819.4333333333334,2,5,5,255,At Risk,Very High Value
12981,30,2,372.21999999999997,242,186.10999999999999,4,2,2,422,Potential Loyalists,Medium Value
12982,243,1,390.54,288,390.54,1,1,2,112,Lost Customers,Medium Value
12984,19,1,97.5,26,97.5,4,1,1,411,New Customers,Low Value
12985,1,2,1239.38,1533,619.69,5,2,4,524,Potential Loyalists,High Value
12987,74,2,558.7,219,279.35,2,2,3,223,Lost Customers,Medium Value
12988,292,1,505.82,126,505.82,1,1,3,113,Lost Customers,Medium Value
12989,3,15,6924.11,2943,461.6073333333333,5,5,5,555,Champions,Very High Value
12990,31,3,409.5,200,136.5,4,3,2,432,Potential Loyalists,Medium Value
12991,23,2,503.76,405,251.88,4,2,3,423,Potential Loyalists,Medium Value
12993,23,4,414.76,240,103.69,4,4,2,442,Potential Loyalists,Medium Value
12994,4,3,974.42,459,324.8066666666667,5,3,4,534,Potential Loyalists,Medium Value
12995,85,1,211.32,108,211.32,2,1,1,211,Lost Customers,Low Value
12997,22,4,1226.89,664,306.7225,4,4,4,444,Champions,High Value
12999,196,3,455.88,342,151.96,1,3,2,132,At Risk,Medium Value
13000,107,3,534.85,379,178.28333333333333,2,3,3,233,At Risk,Medium Value
13001,4,13,9785.970000000001,5490,752.7669230769231,5,5,5,555,Champions,Very High Value
13002,318,1,120.95,73,120.95,1,1,1,111,Lost Customers,Low Value
13003,106,3,149.05,103,49.68333333333334,2,3,1,231,At Risk,Low Value
13004,12,18,5655.91,4822,314.21722222222223,5,5,5,555,Champions,Very High Value
13005,174,2,513.6999999999999,172,256.84999999999997,2,2,3,223,Lost Customers,Medium Value
13006,56,1,81.57,55,81.57,3,1,1,311,Regular Customers,Low Value
13008,323,1,229.47,175,229.47,1,1,1,111,Lost Customers,Low Value
13011,372,1,50.550000000000004,13,50.550000000000004,1,1,1,111,Lost Customers,Low Value
13012,9,8,1646.8400000000001,820,205.85500000000002,5,5,4,554,Champions,High Value
13013,1,13,4810.9400000000005,2224,370.07230769230773,5,5,5,555,Champions,High Value
13014,11,10,3466.2799999999997,905,346.628,5,5,5,555,Champions,High Value
13015,53,5,3339.64,1609,667.928,3,4,5,345,Loyal Customers,High Value
13016,73,3,789.89,527,263.2966666666667,2,3,3,233,At Risk,Medium Value
13017,7,1,204.0,48,204.0,5,1,1,511,New Customers,Low Value
13018,16,28,7277.7,5435,259.91785714285714,4,5,5,455,Champions,Very High Value
13021,4,9,2616.38,1352,290.7088888888889,5,5,5,555,Champions,High Value
13023,64,2,689.9,286,344.95,3,2,3,323,Regular Customers,Medium Value
13026,1,5,975.36,1620,195.072,5,4,4,544,Champions,Medium Value
13027,114,6,6912.0,17280,1152.0,2,5,5,255,At Risk,Very High Value
13028,23,2,661.3199999999999,798,330.65999999999997,4,2,3,423,Potential Loyalists,Medium Value
13029,31,3,1247.5,134,415.8333333333333,4,3,4,434,Potential Loyalists,High Value
13030,11,2,752.44,348,376.22,5,2,3,523,Potential Loyalists,Medium Value
13032,52,2,1010.1800000000001,375,505.09000000000003,3,2,4,324,Big Spenders,High Value
13033,357,1,190.55,83,190.55,1,1,1,111,Lost Customers,Low Value
13034,55,2,642.77,369,321.385,3,2,3,323,Regular Customers,Medium Value
13035,74,2,921.88,644,460.94,2,2,3,223,Lost Customers,Medium Value
13037,138,3,881.07,431,293.69,2,3,3,233,At Risk,Medium Value
13038,80,3,908.46,360,302.82,2,3,3,233,At Risk,Medium Value
13040,9,2,676.99,355,338.495,5,2,3,523,Potential Loyalists,Medium Value
13043,273,1,516.42,254,516.42,1,1,3,113,Lost Customers,Medium Value
13044,291,1,560.47,429,560.47,1,1,3,113,Lost Customers,Medium Value
13045,99,1,305.28,221,305.28,2,1,2,212,Lost Customers,Medium Value
13046,31,2,629.3100000000001,264,314.65500000000003,4,2,3,423,Potential Loyalists,Medium Value
13047,32,10,3237.54,1391,323.754,4,5,5,455,Champions,High Value
13048,14,4,1819.41,1228,454.8525,4,4,4,444,Champions,High Value
13049,64,2,656.6800000000001,268,328.34000000000003,3,2,3,323,Regular Customers,Medium Value
13050,15,17,5836.86,3748,343.3447058823529,4,5,5,455,Champions,Very High Value
13052,212,1,348.15000000000003,222,348.15000000000003,1,1,2,112,Lost Customers,Medium Value
13055,78,3,1214.41,894,404.80333333333334,2,3,4,234,Big Spenders,High Value
13058,25,3,271.4,52,90.46666666666665,4,3,2,432,Potential Loyalists,Medium Value
13059,250,1,183.4,35,183.4,1,1,1,111,Lost Customers,Low Value
13060,254,1,307.53000000000003,123,307.53000000000003,1,1,2,112,Lost Customers,Medium Value
13061,72,1,248.60999999999999,107,248.60999999999999,3,1,1,311,Regular Customers,Low Value
13062,191,1,346.98,343,346.98,1,1,2,112,Lost Customers,Medium Value
13064,13,4,1105.59,514,276.3975,5,4,4,544,Champions,High Value
13065,373,1,205.86,74,205.86,1,1,1,111,Lost Customers,Low Value
13066,24,2,470.8,322,235.4,4,2,2,422,Potential Loyalists,Medium Value
13067,82,1,115.46000000000001,32,115.46000000000001,2,1,1,211,Lost Customers,Low Value
13068,10,2,344.0,200,172.0,5,2,2,522,Potential Loyalists,Medium Value
13069,1,24,4431.44,5873,184.64333333333332,5,5,5,555,Champions,High Value
13070,192,1,228.8,110,228.8,1,1,1,111,Lost Customers,Low Value
13072,267,1,177.15,69,177.15,1,1,1,111,Lost Customers,Low Value
13075,130,1,919.61,485,919.61,2,1,3,213,Lost Customers,Medium Value
13077,1,4,728.02,862,182.005,5,4,3,543,Loyal Customers,Medium Value
13078,3,26,12627.94,5630,485.69,5,5,5,555,Champions,Very High Value
13079,4,5,220.10000000000002,62,44.02,5,4,1,541,Regular Customers,Low Value
13080,179,1,58.08,120,58.08,2,1,1,211,Lost Customers,Low Value
13081,12,11,28337.38,19068,2576.1254545454544,5,5,5,555,Champions,Very High Value
13082,126,9,3613.63,4324,401.51444444444445,2,5,5,255,At Risk,High Value
13083,4,2,303.75,187,151.875,5,2,2,522,Potential Loyalists,Medium Value
13085,158,2,416.08,216,208.04,2,2,2,222,Lost Customers,Medium Value
13089,3,97,58762.08,31025,605.7946391752578,5,5,5,555,Champions,Very High Value
13090,9,14,8910.82,2263,636.4871428571429,5,5,5,555,Champions,Very High Value
13091,28,1,345.82,466,345.82,4,1,2,412,New Customers,Medium Value
13092,71,5,477.83,279,95.566,3,4,2,342,Regular Customers,Medium Value
13093,276,8,7832.47,3961,979.05875,1,5,5,155,At Risk,Very High Value
13094,21,12,1927.3200000000002,1716,160.61,4,5,4,454,Champions,High Value
13095,71,1,74.39999999999999,144,74.39999999999999,3,1,1,311,Regular Customers,Low Value
13097,33,10,6003.22,2360,600.322,4,5,5,455,Champions,Very High Value
13098,1,28,28882.44,15968,1031.5157142857142,5,5,5,555,Champions,Very High Value
13099,99,1,207.36,288,207.36,2,1,1,211,Lost Customers,Low Value
13101,234,1,101.19,113,101.19,1,1,1,111,Lost Customers,Low Value
13102,1,24,6424.09,4204,267.67041666666665,5,5,5,555,Champions,Very High Value
13103,40,1,243.94,82,243.94,3,1,1,311,Regular Customers,Low Value
13104,3,6,1098.48,504,183.08,5,5,4,554,Champions,High Value
13106,133,1,76.5,18,76.5,2,1,1,211,Lost Customers,Low Value
13107,44,4,1531.6200000000001,1293,382.90500000000003,3,4,4,344,Loyal Customers,High Value
13108,373,1,350.06,298,350.06,1,1,2,112,Lost Customers,Medium Value
13109,60,2,786.54,520,393.27,3,2,3,323,Regular Customers,Medium Value
13110,31,7,1488.67,388,212.66714285714286,4,5,4,454,Champions,High Value
13113,1,24,12245.960000000001,3045,510.2483333333334,5,5,5,555,Champions,Very High Value
13115,12,4,2294.78,1567,573.695,5,4,5,545,Champions,High Value
13116,138,1,501.14,291,501.14,2,1,3,213,Lost Customers,Medium Value
13117,22,8,984.91,945,123.11375,4,5,4,454,Champions,Medium Value
13118,20,5,1197.81,410,239.56199999999998,4,4,4,444,Champions,High Value
13120,239,1,30.6,12,30.6,1,1,1,111,Lost Customers,Low Value
13121,269,1,283.73,252,283.73,1,1,2,112,Lost Customers,Medium Value
13122,94,2,922.39,585,461.195,2,2,3,223,Lost Customers,Medium Value
13124,90,3,3756.33,2119,1252.11,2,3,5,235,Big Spenders,High Value
13126,5,8,2099.64,2143,262.455,5,5,5,555,Champions,High Value
13127,78,1,259.17,127,259.17,2,1,2,212,Lost Customers,Medium Value
13130,94,1,64.0,32,64.0,2,1,1,211,Lost Customers,Low Value
13131,23,3,1073.3,447,357.76666666666665,4,3,4,434,Potential Loyalists,High Value
13132,262,1,77.3,20,77.3,1,1,1,111,Lost Customers,Low Value
13133,274,2,109.8,32,54.9,1,2,1,121,Lost Customers,Low Value
13134,86,4,1793.58,1059,448.395,2,4,4,244,At Risk,High Value
13135,197,1,3096.0,4300,3096.0,1,1,5,115,Big Spenders,High Value
13136,56,5,2607.61,1328,521.522,3,4,5,345,Loyal Customers,High Value
13137,11,8,3603.29,2204,450.41125,5,5,5,555,Champions,High Value
13138,22,6,962.39,473,160.39833333333334,4,5,4,454,Champions,Medium Value
13139,16,7,5064.9400000000005,2425,723.5628571428572,4,5,5,455,Champions,Very High Value
13140,108,3,422.47,185,140.82333333333335,2,3,2,232,At Risk,Medium Value
13141,85,5,2388.75,1548,477.75,2,4,5,245,At Risk,High Value
13142,19,1,307.09000000000003,258,307.09000000000003,4,1,2,412,New Customers,Medium Value
13144,333,1,110.95,21,110.95,1,1,1,111,Lost Customers,Low Value
13145,40,4,618.52,145,154.63,3,4,3,343,Loyal Customers,Medium Value
13146,26,1,228.91,154,228.91,4,1,1,411,New Customers,Low Value
13147,10,4,712.8,144,178.2,5,4,3,543,Loyal Customers,Medium Value
13148,29,12,3683.26,1965,306.93833333333333,4,5,5,455,Champions,High Value
13149,14,4,1676.06,1280,419.015,4,4,4,444,Champions,High Value
13151,296,1,1257.8700000000001,363,1257.8700000000001,1,1,4,114,Big Spenders,High Value
13153,6,1,486.22,418,486.22,5,1,2,512,New Customers,Medium Value
13155,33,4,971.76,497,242.94,3,4,4,344,Loyal Customers,Medium Value
13157,49,4,1741.22,1439,435.305,3,4,4,344,Loyal Customers,High Value
13158,95,4,1201.06,784,300.265,2,4,4,244,At Risk,High Value
13159,9,4,1429.35,1058,357.3375,5,4,4,544,Champions,High Value
13160,22,1,91.8,56,91.8,4,1,1,411,New Customers,Low Value
13161,313,1,112.75,29,112.75,1,1,1,111,Lost Customers,Low Value
13162,122,4,1688.29,1713,422.0725,2,4,4,244,At Risk,High Value
13165,46,2,1021.48,1376,510.74,3,2,4,324,Big Spenders,High Value
13166,283,1,417.2,216,417.2,1,1,2,112,Lost Customers,Medium Value
13167,19,4,791.33,785,197.8325,4,4,3,443,Loyal Customers,Medium Value
13168,36,4,1299.59,670,324.8975,3,4,4,344,Loyal Customers,High Value
13169,64,2,712.88,272,356.44,3,2,3,323,Regular Customers,Medium Value
13170,27,1,108.81,141,108.81,4,1,1,411,New Customers,Low Value
13171,22,3,468.40999999999997,229,156.13666666666666,4,3,2,432,Potential Loyalists,Medium Value
13173,4,2,353.65,277,176.825,5,2,2,522,Potential Loyalists,Medium Value
13174,16,3,2742.82,1352,914.2733333333334,4,3,5,435,Potential Loyalists,High Value
13176,46,1,481.49,448,481.49,3,1,2,312,Regular Customers,Medium Value
13177,65,1,282.45,91,282.45,3,1,2,312,Regular Customers,Medium Value
13178,26,11,5725.47,3570,520.4972727272727,4,5,5,455,Champions,Very High Value
13182,45,1,121.18,201,121.18,3,1,1,311,Regular Customers,Low Value
13183,8,9,3957.78,2208,439.75333333333333,5,5,5,555,Champions,High Value
13184,15,10,1668.95,1662,166.895,4,5,4,454,Champions,High Value
13185,268,1,71.4,12,71.4,1,1,1,111,Lost Customers,Low Value
13186,40,3,1575.89,820,525.2966666666667,3,3,4,334,Big Spenders,High Value
13187,337,1,236.02,95,236.02,1,1,1,111,Lost Customers,Low Value
13188,11,1,114.6,25,114.6,5,1,1,511,New Customers,Low Value
13189,19,2,260.68,842,130.34,4,2,2,422,Potential Loyalists,Medium Value
13192,95,2,911.94,595,455.97,2,2,3,223,Lost Customers,Medium Value
13193,61,1,112.08,46,112.08,3,1,1,311,Regular Customers,Low Value
13194,136,1,60.7,26,60.7,2,1,1,211,Lost Customers,Low Value
13196,11,4,1797.78,1224,449.445,5,4,4,544,Champions,High Value
13198,10,6,3401.2400000000002,2648,566.8733333333333,5,5,5,555,Champions,High Value
13199,4,38,9817.12,6176,258.34526315789475,5,5,5,555,Champions,Very High Value
13200,19,4,870.09,516,217.5225,4,4,3,443,Loyal Customers,Medium Value
13203,10,4,869.46,800,217.365,5,4,3,543,Loyal Customers,Medium Value
13207,15,2,250.26000000000002,130,125.13000000000001,4,2,2,422,Potential Loyalists,Medium Value
13208,59,6,1217.65,803,202.9416666666667,3,5,4,354,Loyal Customers,High Value
13209,30,8,5891.61,4253,736.45125,4,5,5,455,Champions,Very High Value
13210,94,1,353.48,316,353.48,2,1,2,212,Lost Customers,Medium Value
13211,10,3,1095.42,834,365.14000000000004,5,3,4,534,Potential Loyalists,High Value
13212,20,3,786.83,309,262.2766666666667,4,3,3,433,Potential Loyalists,Medium Value
13213,57,5,1520.58,1360,304.116,3,4,4,344,Loyal Customers,High Value
13216,268,1,333.74,297,333.74,1,1,2,112,Lost Customers,Medium Value
13217,122,3,533.98,262,177.99333333333334,2,3,3,233,At Risk,Medium Value
13218,127,1,62.64,88,62.64,2,1,1,211,Lost Customers,Low Value
13220,78,4,819.2900000000001,196,204.82250000000002,2,4,3,243,At Risk,Medium Value
13221,240,2,847.41,244,423.705,1,2,3,123,Lost Customers,Medium Value
13223,200,2,163.2,88,81.6,1,2,1,121,Lost Customers,Low Value
13224,60,2,2155.95,1518,1077.975,3,2,5,325,Big Spenders,High Value
13225,3,7,6463.84,3416,923.4057142857143,5,5,5,555,Champions,Very High Value
13226,273,1,108.21,80,108.21,1,1,1,111,Lost Customers,Low Value
13227,202,1,257.7,99,257.7,1,1,2,112,Lost Customers,Medium Value
13228,81,1,358.0,200,358.0,2,1,2,212,Lost Customers,Medium Value
13229,226,1,160.95,63,160.95,1,1,1,111,Lost Customers,Low Value
13230,4,14,2755.63,1638,196.8307142857143,5,5,5,555,Champions,High Value
13232,13,7,1328.35,773,189.7642857142857,5,5,4,554,Champions,High Value
13233,74,2,605.12,1004,302.56,2,2,3,223,Lost Customers,Medium Value
13235,212,1,1031.07,441,1031.07,1,1,4,114,Big Spenders,High Value
13236,25,2,744.85,416,372.425,4,2,3,423,Potential Loyalists,Medium Value
13238,17,4,700.73,298,175.1825,4,4,3,443,Loyal Customers,Medium Value
13239,262,1,329.56,327,329.56,1,1,2,112,Lost Customers,Medium Value
13240,96,4,663.65,298,165.9125,2,4,3,243,At Risk,Medium Value
13242,112,3,270.40000000000003,130,90.13333333333334,2,3,2,232,At Risk,Medium Value
13243,203,1,585.12,232,585.12,1,1,3,113,Lost Customers,Medium Value
13244,93,1,121.74000000000001,38,121.74000000000001,2,1,1,211,Lost Customers,Low Value
13245,51,1,430.5,125,430.5,3,1,2,312,Regular Customers,Medium Value
13246,18,6,1961.52,1587,326.92,4,5,4,454,Champions,High Value
13247,18,4,501.12,328,125.28,4,4,3,443,Loyal Customers,Medium Value
13248,125,2,465.68,305,232.84,2,2,2,222,Lost Customers,Medium Value
13249,92,3,711.41,546,237.13666666666666,2,3,3,233,At Risk,Medium Value
13253,157,2,1030.4,1572,515.2,2,2,4,224,Big Spenders,High Value
13255,9,2,399.51,177,199.755,5,2,2,522,Potential Loyalists,Medium Value
13258,12,3,672.83,282,224.27666666666667,5,3,3,533,Potential Loyalists,Medium Value
13259,62,1,283.18,126,283.18,3,1,2,312,Regular Customers,Medium Value
13260,61,1,557.62,142,557.62,3,1,3,313,Regular Customers,Medium Value
13261,269,2,944.1,210,472.05,1,2,4,124,Big Spenders,Medium Value
13262,263,1,200.29,125,200.29,1,1,1,111,Lost Customers,Low Value
13263,1,35,7436.93,4768,212.48371428571429,5,5,5,555,Champions,Very High Value
13265,53,5,2092.66,1740,418.532,3,4,5,345,Loyal Customers,High Value
13266,11,12,3834.2599999999998,4428,319.52166666666665,5,5,5,555,Champions,High Value
13267,3,19,4521.49,1969,237.97315789473683,5,5,5,555,Champions,High Value
13268,18,11,3174.75,3624,288.6136363636364,4,5,5,455,Champions,High Value
13269,1,15,5343.28,3513,356.21866666666665,5,5,5,555,Champions,Very High Value
13270,366,1,590.0,200,590.0,1,1,3,113,Lost Customers,Medium Value
13271,37,1,211.49,240,211.49,3,1,1,311,Regular Customers,Low Value
13272,31,2,276.56,96,138.28,4,2,2,422,Potential Loyalists,Medium Value
13273,113,1,138.98,153,138.98,2,1,1,211,Lost Customers,Low Value
13276,64,2,590.9300000000001,161,295.46500000000003,3,2,3,323,Regular Customers,Medium Value
13277,16,4,258.4,176,64.6,4,4,2,442,Potential Loyalists,Medium Value
13278,41,1,542.73,537,542.73,3,1,3,313,Regular Customers,Medium Value
13279,78,1,137.75,73,137.75,2,1,1,211,Lost Customers,Low Value
13280,122,3,798.46,518,266.15333333333336,2,3,3,233,At Risk,Medium Value
13282,18,3,1132.14,307,377.38000000000005,4,3,4,434,Potential Loyalists,High Value
13283,60,2,93.66,90,46.83,3,2,1,321,Regular Customers,Low Value
13284,331,1,201.19,91,201.19,1,1,1,111,Lost Customers,Low Value
13285,23,4,2709.12,2051,677.28,4,4,5,445,Champions,High Value
13291,156,1,361.11,233,361.11,2,1,2,212,Lost Customers,Medium Value
13292,39,2,578.94,347,289.47,3,2,3,323,Regular Customers,Medium Value
13294,190,2,873.74,453,436.87,1,2,3,123,Lost Customers,Medium Value
13295,360,1,201.20000000000002,82,201.20000000000002,1,1,1,111,Lost Customers,Low Value
13296,137,1,87.4,78,87.4,2,1,1,211,Lost Customers,Low Value
13297,8,4,2089.85,963,522.4625,5,4,5,545,Champions,High Value
13298,1,1,360.0,96,360.0,5,1,2,512,New Customers,Medium Value
13299,268,1,142.5,30,142.5,1,1,1,111,Lost Customers,Low Value
13300,169,1,371.89,203,371.89,2,1,2,212,Lost Customers,Medium Value
13301,104,4,618.09,345,154.5225,2,4,3,243,At Risk,Medium Value
13302,155,1,63.75,5,63.75,2,1,1,211,Lost Customers,Low Value
13304,351,1,300.42,238,300.42,1,1,2,112,Lost Customers,Medium Value
13305,4,10,2000.86,1232,200.08599999999998,5,5,4,554,Champions,High Value
13307,120,1,15.0,4,15.0,2,1,1,211,Lost Customers,Low Value
13308,23,3,1385.51,843,461.83666666666664,4,3,4,434,Potential Loyalists,High Value
13309,7,5,1456.79,1544,291.358,5,4,4,544,Champions,High Value
13310,28,3,1132.03,587,377.3433333333333,4,3,4,434,Potential Loyalists,High Value
13311,4,2,598.57,305,299.285,5,2,3,523,Potential Loyalists,Medium Value
13313,22,5,1555.3200000000002,851,311.064,4,4,4,444,Champions,High Value
13314,2,3,775.94,560,258.6466666666667,5,3,3,533,Potential Loyalists,Medium Value
13316,37,4,5732.93,5508,1433.2325,3,4,5,345,Loyal Customers,Very High Value
13317,66,6,2273.68,1035,378.94666666666666,3,5,5,355,Loyal Customers,High Value
13318,1,3,640.76,304,213.58666666666667,5,3,3,533,Potential Loyalists,Medium Value
13319,5,26,10845.550000000001,4724,417.1365384615385,5,5,5,555,Champions,Very High Value
13320,78,4,1532.2,1086,383.05,2,4,4,244,At Risk,High Value
13321,72,2,567.36,372,283.68,2,2,3,223,Lost Customers,Medium Value
13322,17,1,199.48000000000002,117,199.48000000000002,4,1,1,411,New Customers,Low Value
13323,3,5,787.85,175,157.57,5,4,3,543,Loyal Customers,Medium Value
13324,36,10,7121.95,5205,712.1949999999999,3,5,5,355,Loyal Customers,Very High Value
13325,82,1,675.3,240,675.3,2,1,3,213,Lost Customers,Medium Value
13327,39,8,3627.77,1600,453.47125,3,5,5,355,Loyal Customers,High Value
13328,316,1,1308.48,680,1308.48,1,1,4,114,Big Spenders,High Value
13329,32,2,789.0,463,394.5,4,2,3,423,Potential Loyalists,Medium Value
13330,93,3,1140.93,751,380.31,2,3,4,234,Big Spenders,High Value
13332,14,1,350.9,179,350.9,4,1,2,412,New Customers,Medium Value
13334,82,3,3502.32,1764,1167.44,2,3,5,235,Big Spenders,High Value
13336,77,1,795.12,559,795.12,2,1,3,213,Lost Customers,Medium Value
13338,158,1,487.02,256,487.02,2,1,2,212,Lost Customers,Medium Value
13339,201,1,860.12,326,860.12,1,1,3,113,Lost Customers,Medium Value
13340,45,7,10736.48,5770,1533.782857142857,3,5,5,355,Loyal Customers,Very High Value
13341,261,1,775.85,301,775.85,1,1,3,113,Lost Customers,Medium Value
13343,178,1,353.43,135,353.43,2,1,2,212,Lost Customers,Medium Value
13344,68,3,2511.69,952,837.23,3,3,5,335,Big Spenders,High Value
13345,288,1,389.5,141,389.5,1,1,2,112,Lost Customers,Medium Value
13347,70,1,341.36,205,341.36,3,1,2,312,Regular Customers,Medium Value
13348,64,1,233.76000000000002,136,233.76000000000002,3,1,1,311,Regular Customers,Low Value
13349,11,1,247.32,225,247.32,5,1,1,511,New Customers,Low Value
13350,16,2,979.12,287,489.56,4,2,4,424,Potential Loyalists,Medium Value
13351,66,1,373.94,117,373.94,3,1,2,312,Regular Customers,Medium Value
13352,60,1,397.98,321,397.98,3,1,2,312,Regular Customers,Medium Value
13354,71,1,743.53,604,743.53,3,1,3,313,Regular Customers,Medium Value
13355,122,1,674.7,314,674.7,2,1,3,213,Lost Customers,Medium Value
13356,80,1,768.24,325,768.24,2,1,3,213,Lost Customers,Medium Value
13357,257,1,609.4,321,609.4,1,1,3,113,Lost Customers,Medium Value
13358,269,1,439.03,285,439.03,1,1,2,112,Lost Customers,Medium Value
13359,64,1,439.56,161,439.56,3,1,2,312,Regular Customers,Medium Value
13362,9,4,3090.7400000000002,1382,772.6850000000001,5,4,5,545,Champions,High Value
13363,18,2,992.5,710,496.25,4,2,4,424,Potential Loyalists,Medium Value
13364,71,1,134.96,71,134.96,3,1,1,311,Regular Customers,Low Value
13365,34,2,2225.37,1247,1112.685,3,2,5,325,Big Spenders,High Value
13366,50,1,56.16,144,56.16,3,1,1,311,Regular Customers,Low Value
13368,257,2,623.4,327,311.7,1,2,3,123,Lost Customers,Medium Value
13369,366,1,308.28000000000003,149,308.28000000000003,1,1,2,112,Lost Customers,Medium Value
13370,372,1,754.87,343,754.87,1,1,3,113,Lost Customers,Medium Value
13372,90,1,378.64,159,378.64,2,1,2,212,Lost Customers,Medium Value
13373,61,3,3312.25,1651,1104.0833333333333,3,3,5,335,Big Spenders,High Value
13375,89,1,778.65,442,778.65,2,1,3,213,Lost Customers,Medium Value
13376,99,3,1019.76,493,339.92,2,3,4,234,Big Spenders,High Value
13379,26,3,572.5600000000001,601,190.85333333333335,4,3,3,433,Potential Loyalists,Medium Value
13381,32,6,3639.31,2029,606.5516666666666,4,5,5,455,Champions,High Value
13382,281,1,222.99,131,222.99,1,1,1,111,Lost Customers,Low Value
13384,31,7,4151.93,2422,593.1328571428572,4,5,5,455,Champions,High Value
13385,330,1,534.57,281,534.57,1,1,3,113,Lost Customers,Medium Value
13388,131,2,677.1,282,338.55,2,2,3,223,Lost Customers,Medium Value
13389,11,3,797.96,429,265.9866666666667,5,3,3,533,Potential Loyalists,Medium Value
13390,75,1,544.08,224,544.08,2,1,3,213,Lost Customers,Medium Value
13391,204,1,59.8,4,59.8,1,1,1,111,Lost Customers,Low Value
13394,2,8,2520.02,2392,315.0025,5,5,5,555,Champions,High Value
13395,185,1,307.72,336,307.72,1,1,2,112,Lost Customers,Medium Value
13396,29,2,1360.99,600,680.495,4,2,4,424,Potential Loyalists,High Value
13397,73,5,1544.13,430,308.826,2,4,4,244,At Risk,High Value
13398,192,1,457.34000000000003,281,457.34000000000003,1,1,2,112,Lost Customers,Medium Value
13402,127,2,621.23,479,310.615,2,2,3,223,Lost Customers,Medium Value
13403,18,1,75.0,44,75.0,4,1,1,411,New Customers,Low Value
13404,1,2,252.49,111,126.245,5,2,2,522,Potential Loyalists,Medium Value
13405,74,3,572.451,165,190.817,2,3,3,233,At Risk,Medium Value
13408,2,62,28117.04,16232,453.5006451612903,5,5,5,555,Champions,Very High Value
13410,24,5,1003.06,518,200.612,4,4,4,444,Champions,High Value
13411,107,1,213.55,72,213.55,2,1,1,211,Lost Customers,Low Value
13414,134,3,1390.5,1574,463.5,2,3,4,234,Big Spenders,High Value
13416,44,2,712.5,142,356.25,3,2,3,323,Regular Customers,Medium Value
13417,5,2,640.83,162,320.415,5,2,3,523,Potential Loyalists,Medium Value
13418,12,18,6127.43,3918,340.4127777777778,5,5,5,555,Champions,Very High Value
13419,64,1,221.06,275,221.06,3,1,1,311,Regular Customers,Low Value
13420,150,2,159.85,101,79.925,2,2,1,221,Lost Customers,Low Value
13421,40,2,1833.71,1128,916.855,3,2,4,324,Big Spenders,High Value
13422,64,1,2626.3,1326,2626.3,3,1,5,315,Big Spenders,High Value
13425,108,3,1624.21,1123,541.4033333333333,2,3,4,234,Big Spenders,High Value
13426,1,10,3641.32,2245,364.132,5,5,5,555,Champions,High Value
13427,19,3,582.6,545,194.20000000000002,4,3,3,433,Potential Loyalists,Medium Value
13428,10,1,201.78,151,201.78,5,1,1,511,New Customers,Low Value
13429,11,4,1006.8,1390,251.7,5,4,4,544,Champions,High Value
13430,19,2,679.45,751,339.725,4,2,3,423,Potential Loyalists,Medium Value
13431,67,2,1269.1,672,634.55,3,2,4,324,Big Spenders,High Value
13434,74,2,534.24,300,267.12,2,2,3,223,Lost Customers,Medium Value
13435,5,7,3809.89,2129,544.27,5,5,5,555,Champions,High Value
13436,2,1,196.89,76,196.89,5,1,1,511,New Customers,Low Value
13437,14,7,3408.06,1283,486.86571428571426,4,5,5,455,Champions,High Value
13439,255,1,283.71,242,283.71,1,1,2,112,Lost Customers,Medium Value
13441,92,1,296.64,204,296.64,2,1,2,212,Lost Customers,Medium Value
13447,23,3,1129.14,584,376.38000000000005,4,3,4,434,Potential Loyalists,High Value
13448,17,6,3534.69,1648,589.115,4,5,5,455,Champions,High Value
13449,24,1,291.88,222,291.88,4,1,2,412,New Customers,Medium Value
13450,27,6,2043.72,1982,340.62,4,5,4,454,Champions,High Value
13451,26,5,2898.2599999999998,2128,579.6519999999999,4,4,5,445,Champions,High Value
13452,259,2,590.0,2,295.0,1,2,3,123,Lost Customers,Medium Value
13453,166,2,356.98,134,178.49,2,2,2,222,Lost Customers,Medium Value
13455,25,2,1058.34,354,529.17,4,2,4,424,Potential Loyalists,High Value
13456,18,6,1766.72,765,294.4533333333333,4,5,4,454,Champions,High Value
13458,7,14,9646.57,5508,689.0407142857142,5,5,5,555,Champions,Very High Value
13460,29,2,183.44,286,91.72,4,2,1,421,New Customers,Low Value
13461,39,3,1445.0,1170,481.6666666666667,3,3,4,334,Big Spenders,High Value
13462,253,1,151.5,62,151.5,1,1,1,111,Lost Customers,Low Value
13464,58,1,674.68,403,674.68,3,1,3,313,Regular Customers,Medium Value
13466,184,1,307.90000000000003,259,307.90000000000003,1,1,2,112,Lost Customers,Medium Value
13467,11,2,1071.91,580,535.955,5,2,4,524,Potential Loyalists,High Value
13468,2,37,5704.97,2589,154.1883783783784,5,5,5,555,Champions,Very High Value
13470,99,2,165.0,100,82.5,2,2,1,221,Lost Customers,Low Value
13471,1,4,2501.84,1583,625.46,5,4,5,545,Champions,High Value
13473,61,2,422.64,266,211.32,3,2,2,322,Regular Customers,Medium Value
13474,236,1,226.84,129,226.84,1,1,1,111,Lost Customers,Low Value
13475,191,4,1431.78,1012,357.945,1,4,4,144,At Risk,High Value
13476,179,2,1238.47,417,619.235,2,2,4,224,Big Spenders,High Value
13477,38,6,1454.58,1021,242.42999999999998,3,5,4,354,Loyal Customers,High Value
13479,201,2,300.95,134,150.475,1,2,2,122,Lost Customers,Medium Value
13481,46,5,1804.56,1142,360.912,3,4,4,344,Loyal Customers,High Value
13482,232,1,184.64000000000001,116,184.64000000000001,1,1,1,111,Lost Customers,Low Value
13483,66,1,140.34,160,140.34,3,1,1,311,Regular Customers,Low Value
13484,241,1,313.8,44,313.8,1,1,2,112,Lost Customers,Medium Value
13485,233,1,454.24,277,454.24,1,1,2,112,Lost Customers,Medium Value
13486,78,3,1122.41,669,374.1366666666667,2,3,4,234,Big Spenders,High Value
13487,58,3,575.4,265,191.79999999999998,3,3,3,333,Regular Customers,Medium Value
13488,17,13,8968.31,4518,689.87,4,5,5,455,Champions,Very High Value
13489,105,4,449.52,560,112.38,2,4,2,242,At Risk,Medium Value
13491,52,10,1215.82,903,121.582,3,5,4,354,Loyal Customers,High Value
13492,136,3,1269.8400000000001,408,423.28000000000003,2,3,4,234,Big Spenders,High Value
13493,275,2,618.63,380,309.315,1,2,3,123,Lost Customers,Medium Value
13494,312,1,316.26000000000005,162,316.26000000000005,1,1,2,112,Lost Customers,Medium Value
13495,8,5,2044.8700000000001,829,408.97400000000005,5,4,4,544,Champions,High Value
13496,11,2,653.33,341,326.665,5,2,3,523,Potential Loyalists,Medium Value
13497,283,2,348.05,163,174.025,1,2,2,122,Lost Customers,Medium Value
13499,18,5,1159.11,1365,231.82199999999997,4,4,4,444,Champions,High Value
13500,23,3,1166.77,609,388.92333333333335,4,3,4,434,Potential Loyalists,High Value
13501,288,1,1340.32,560,1340.32,1,1,4,114,Big Spenders,High Value
13502,17,3,292.0,264,97.33333333333333,4,3,2,432,Potential Loyalists,Medium Value
13503,71,1,216.85,248,216.85,3,1,1,311,Regular Customers,Low Value
13504,64,1,295.93,178,295.93,3,1,2,312,Regular Customers,Medium Value
13505,73,4,4393.63,2486,1098.4075,2,4,5,245,At Risk,High Value
13506,316,2,458.52,324,229.26,1,2,2,122,Lost Customers,Medium Value
13507,3,4,2479.16,1597,619.79,5,4,5,545,Champions,High Value
13508,244,1,110.97,24,110.97,1,1,1,111,Lost Customers,Low Value
13509,9,7,979.72,1106,139.96,5,5,4,554,Champions,Medium Value
13510,1,4,1791.56,1386,447.89,5,4,4,544,Champions,High Value
13512,261,1,251.21,143,251.21,1,1,2,112,Lost Customers,Medium Value
13513,127,1,205.10000000000002,109,205.10000000000002,2,1,1,211,Lost Customers,Low Value
13514,74,1,152.20000000000002,40,152.20000000000002,2,1,1,211,Lost Customers,Low Value
13515,73,4,891.12,681,222.78,2,4,3,243,At Risk,Medium Value
13516,21,3,1389.41,985,463.1366666666667,4,3,4,434,Potential Loyalists,High Value
13517,60,3,2128.42,1369,709.4733333333334,3,3,5,335,Big Spenders,High Value
13518,86,1,627.16,382,627.16,2,1,3,213,Lost Customers,Medium Value
13519,78,1,122.75,23,122.75,2,1,1,211,Lost Customers,Low Value
13520,59,6,3624.35,1649,604.0583333333333,3,5,5,355,Loyal Customers,High Value
13521,1,3,1071.73,718,357.24333333333334,5,3,4,534,Potential Loyalists,High Value
13522,30,1,125.80000000000001,44,125.80000000000001,4,1,1,411,New Customers,Low Value
13523,33,5,3964.88,1752,792.976,3,4,5,345,Loyal Customers,High Value
13524,41,5,680.1800000000001,324,136.036,3,4,3,343,Loyal Customers,Medium Value
13525,15,2,628.78,394,314.39,4,2,3,423,Potential Loyalists,Medium Value
13527,34,7,2242.36,1683,320.33714285714285,3,5,5,355,Loyal Customers,High Value
13529,79,2,307.76,74,153.88,2,2,2,222,Lost Customers,Medium Value
13531,205,2,483.8,174,241.9,1,2,2,122,Lost Customers,Medium Value
13532,34,1,210.31,129,210.31,3,1,1,311,Regular Customers,Low Value
13533,183,3,269.09,202,89.69666666666666,1,3,2,132,At Risk,Medium Value
13534,2,25,5870.08,2961,234.8032,5,5,5,555,Champions,Very High Value
13536,1,7,3444.39,2126,492.05571428571426,5,5,5,555,Champions,High Value
13538,43,7,1280.85,175,182.97857142857143,3,5,4,354,Loyal Customers,High Value
13539,86,3,631.34,320,210.4466666666667,2,3,3,233,At Risk,Medium Value
13544,40,2,276.06,112,138.03,3,2,2,322,Regular Customers,Medium Value
13546,12,3,621.09,357,207.03,5,3,3,533,Potential Loyalists,Medium Value
13548,96,2,678.16,436,339.08,2,2,3,223,Lost Customers,Medium Value
13549,26,7,918.2,458,131.17142857142858,4,5,3,453,Loyal Customers,Medium Value
13551,319,1,91.80000000000001,12,91.80000000000001,1,1,1,111,Lost Customers,Low Value
13552,66,12,3740.07,1417,311.6725,3,5,5,355,Loyal Customers,High Value
13555,74,4,4098.88,2636,1024.72,2,4,5,245,At Risk,High Value
13557,28,2,584.06,546,292.03,4,2,3,423,Potential Loyalists,Medium Value
13558,6,4,594.52,338,148.63,5,4,3,543,Loyal Customers,Medium Value
13560,7,1,171.42000000000002,63,171.42000000000002,5,1,1,511,New Customers,Low Value
13561,216,1,141.85999999999999,83,141.85999999999999,1,1,1,111,Lost Customers,Low Value
13562,82,3,1799.3300000000002,757,599.7766666666668,2,3,4,234,Big Spenders,High Value
13563,84,2,777.53,209,388.765,2,2,3,223,Lost Customers,Medium Value
13564,144,3,1724.67,636,574.89,2,3,4,234,Big Spenders,High Value
13565,19,2,240.22,172,120.11,4,2,1,421,New Customers,Low Value
13566,41,2,856.84,567,428.42,3,2,3,323,Regular Customers,Medium Value
13568,173,1,187.05,66,187.05,2,1,1,211,Lost Customers,Low Value
13569,17,2,338.62,156,169.31,4,2,2,422,Potential Loyalists,Medium Value
13570,243,1,239.49,161,239.49,1,1,1,111,Lost Customers,Low Value
13571,13,12,2088.94,1757,174.07833333333335,5,5,5,555,Champions,High Value
13572,206,1,1384.25,534,1384.25,1,1,4,114,Big Spenders,High Value
13573,50,2,290.25,302,145.125,3,2,2,322,Regular Customers,Medium Value
13575,23,5,732.07,449,146.41400000000002,4,4,3,443,Loyal Customers,Medium Value
13576,10,18,6717.34,2646,373.18555555555554,5,5,5,555,Champions,Very High Value
13577,25,4,1687.6000000000001,791,421.90000000000003,4,4,4,444,Champions,High Value
13579,15,2,467.04,176,233.52,4,2,2,422,Potential Loyalists,Medium Value
13581,309,1,118.0,30,118.0,1,1,1,111,Lost Customers,Low Value
13583,156,1,781.03,725,781.03,2,1,3,213,Lost Customers,Medium Value
13584,307,1,142.4,37,142.4,1,1,1,111,Lost Customers,Low Value
13587,64,1,712.4,180,712.4,3,1,3,313,Regular Customers,Medium Value
13588,16,9,2478.95,2606,275.43888888888887,4,5,5,455,Champions,High Value
13589,15,2,379.65,114,189.825,4,2,2,422,Potential Loyalists,Medium Value
13590,11,6,1981.92,1848,330.32,5,5,4,554,Champions,High Value
13591,65,3,1117.13,485,372.3766666666667,3,3,4,334,Big Spenders,High Value
13592,36,4,247.95999999999998,84,61.989999999999995,3,4,1,341,Regular Customers,Low Value
13593,108,5,2011.88,719,402.37600000000003,2,4,4,244,At Risk,High Value
13594,53,1,396.97,359,396.97,3,1,2,312,Regular Customers,Medium Value
13596,6,2,664.11,384,332.055,5,2,3,523,Potential Loyalists,Medium Value
13598,47,1,160.04,52,160.04,3,1,1,311,Regular Customers,Low Value
13599,1,21,5149.92,3293,245.2342857142857,5,5,5,555,Champions,Very High Value
13600,312,1,219.52,324,219.52,1,1,1,111,Lost Customers,Low Value
13601,45,2,693.32,548,346.66,3,2,3,323,Regular Customers,Medium Value
13602,65,1,428.89,267,428.89,3,1,2,312,Regular Customers,Medium Value
13603,26,1,164.34,164,164.34,4,1,1,411,New Customers,Low Value
13606,29,3,276.75,276,92.25,4,3,2,432,Potential Loyalists,Medium Value
13607,40,1,675.51,288,675.51,3,1,3,313,Regular Customers,Medium Value
13610,12,7,1082.33,488,154.6185714285714,5,5,4,554,Champions,High Value
13611,89,3,1154.4,754,384.8,2,3,4,234,Big Spenders,High Value
13614,24,4,1585.46,564,396.365,4,4,4,444,Champions,High Value
13615,319,1,417.69,189,417.69,1,1,2,112,Lost Customers,Medium Value
13617,40,3,544.18,300,181.39333333333332,3,3,3,333,Regular Customers,Medium Value
13618,174,1,177.34,246,177.34,2,1,1,211,Lost Customers,Low Value
13621,117,1,213.85,343,213.85,2,1,1,211,Lost Customers,Low Value
13623,31,5,727.74,286,145.548,4,4,3,443,Loyal Customers,Medium Value
13626,253,1,257.23,209,257.23,1,1,2,112,Lost Customers,Medium Value
13627,59,5,1638.47,1269,327.694,3,4,4,344,Loyal Customers,High Value
13629,23,11,7792.36,4372,708.3963636363636,4,5,5,455,Champions,Very High Value
13630,5,7,2031.78,1391,290.2542857142857,5,5,4,554,Champions,High Value
13631,100,11,3070.42,467,279.1290909090909,2,5,5,255,At Risk,High Value
13632,25,5,2118.93,1031,423.78599999999994,4,4,5,445,Champions,High Value
13634,33,5,1547.3600000000001,700,309.47200000000004,3,4,4,344,Loyal Customers,High Value
13635,68,1,1071.03,677,1071.03,3,1,4,314,Big Spenders,High Value
13636,37,5,949.12,592,189.824,3,4,4,344,Loyal Customers,Medium Value
13637,52,3,804.3,405,268.09999999999997,3,3,3,333,Regular Customers,Medium Value
13638,16,1,122.64,93,122.64,4,1,1,411,New Customers,Low Value
13639,74,1,1033.34,800,1033.34,2,1,4,214,Big Spenders,High Value
13642,216,1,312.28,151,312.28,1,1,2,112,Lost Customers,Medium Value
13643,31,3,519.44,273,173.14666666666668,4,3,3,433,Potential Loyalists,Medium Value
13644,16,4,2624.26,2067,656.065,4,4,5,445,Champions,High Value
13645,120,1,252.1,158,252.1,2,1,2,212,Lost Customers,Medium Value
13647,10,4,1648.1200000000001,887,412.03000000000003,5,4,4,544,Champions,High Value
13649,257,2,346.6,139,173.3,1,2,2,122,Lost Customers,Medium Value
13650,17,6,1836.3400000000001,922,306.0566666666667,4,5,4,454,Champions,High Value
13651,35,2,94.2,33,47.1,3,2,1,321,Regular Customers,Low Value
13652,46,3,1095.08,578,365.02666666666664,3,3,4,334,Big Spenders,High Value
13654,43,6,2707.33,2182,451.22166666666664,3,5,5,355,Loyal Customers,High Value
13655,114,2,932.97,605,466.485,2,2,3,223,Lost Customers,Medium Value
13656,165,2,379.65,490,189.825,2,2,2,222,Lost Customers,Medium Value
13657,11,2,382.14,209,191.07,5,2,2,522,Potential Loyalists,Medium Value
13658,10,5,2639.17,1019,527.8340000000001,5,4,5,545,Champions,High Value
13659,206,2,1563.0,882,781.5,1,2,4,124,Big Spenders,High Value
13662,86,3,881.26,533,293.75333333333333,2,3,3,233,At Risk,Medium Value
13663,179,1,189.47,91,189.47,1,1,1,111,Lost Customers,Low Value
13666,60,3,84.65,41,28.21666666666667,3,3,1,331,Regular Customers,Low Value
13667,149,1,299.05,149,299.05,2,1,2,212,Lost Customers,Medium Value
13668,3,21,6309.83,3722,300.46809523809526,5,5,5,555,Champions,Very High Value
13669,51,2,218.55,237,109.275,3,2,1,321,Regular Customers,Low Value
13670,75,1,349.7,282,349.7,2,1,2,212,Lost Customers,Medium Value
13672,301,2,186.39000000000001,57,93.19500000000001,1,2,1,121,Lost Customers,Low Value
13673,19,2,387.44,114,193.72,4,2,2,422,Potential Loyalists,Medium Value
13675,151,2,486.82000000000005,330,243.41000000000003,2,2,2,222,Lost Customers,Medium Value
13678,152,1,232.6,924,232.6,2,1,1,211,Lost Customers,Low Value
13680,1,4,3719.12,1934,929.78,5,4,5,545,Champions,High Value
13681,18,4,827.83,360,206.9575,4,4,3,443,Loyal Customers,Medium Value
13682,187,1,59.5,10,59.5,1,1,1,111,Lost Customers,Low Value
13684,286,1,65.13,38,65.13,1,1,1,111,Lost Customers,Low Value
13685,3,7,3119.44,5056,445.63428571428574,5,5,5,555,Champions,High Value
13686,183,1,72.0,70,72.0,1,1,1,111,Lost Customers,Low Value
13689,63,1,910.0,512,910.0,3,1,3,313,Regular Customers,Medium Value
13690,59,1,172.25,67,172.25,3,1,1,311,Regular Customers,Low Value
13692,25,3,1488.32,1226,496.1066666666666,4,3,4,434,Potential Loyalists,High Value
13694,4,50,65039.62,63312,1300.7924,5,5,5,555,Champions,Very High Value
13695,31,15,2504.13,1603,166.942,4,5,5,455,Champions,High Value
13697,39,1,151.3,177,151.3,3,1,1,311,Regular Customers,Low Value
13699,155,1,308.58000000000004,66,308.58000000000004,2,1,2,212,Lost Customers,Medium Value
13700,26,10,2248.63,2281,224.863,4,5,5,455,Champions,High Value
13703,318,1,99.5,10,99.5,1,1,1,111,Lost Customers,Low Value
13704,5,9,2308.06,1531,256.4511111111111,5,5,5,555,Champions,High Value
13705,8,3,711.86,363,237.28666666666666,5,3,3,533,Potential Loyalists,Medium Value
13706,303,1,330.79,189,330.79,1,1,2,112,Lost Customers,Medium Value
13707,267,2,806.41,351,403.205,1,2,3,123,Lost Customers,Medium Value
13708,271,1,285.33,301,285.33,1,1,2,112,Lost Customers,Medium Value
13709,4,13,6307.650000000001,3508,485.2038461538462,5,5,5,555,Champions,Very High Value
13710,32,1,180.48000000000002,176,180.48000000000002,4,1,1,411,New Customers,Low Value
13711,219,2,252.06,140,126.03,1,2,2,122,Lost Customers,Medium Value
13712,247,1,228.84,352,228.84,1,1,1,111,Lost Customers,Low Value
13715,281,5,1077.39,562,215.478,1,4,4,144,At Risk,High Value
13716,269,1,138.28,138,138.28,1,1,1,111,Lost Customers,Low Value
13717,32,6,1445.01,1959,240.835,4,5,4,454,Champions,High Value
13718,246,2,306.55,173,153.275,1,2,2,122,Lost Customers,Medium Value
13719,15,5,1041.68,609,208.336,4,4,4,444,Champions,High Value
13720,117,4,799.9,501,199.975,2,4,3,243,At Risk,Medium Value
13721,36,1,524.14,316,524.14,3,1,3,313,Regular Customers,Medium Value
13722,132,3,2375.41,1401,791.8033333333333,2,3,5,235,Big Spenders,High Value
13723,217,1,199.85000000000002,43,199.85000000000002,1,1,1,111,Lost Customers,Low Value
13725,50,8,1980.56,806,247.57,3,5,4,354,Loyal Customers,High Value
13726,39,2,1079.66,1054,539.83,3,2,4,324,Big Spenders,High Value
13727,29,2,333.48,162,166.74,4,2,2,422,Potential Loyalists,Medium Value
13728,37,6,1016.14,458,169.35666666666665,3,5,4,354,Loyal Customers,High Value
13730,136,2,752.6,488,376.3,2,2,3,223,Lost Customers,Medium Value
13731,219,2,610.59,278,305.295,1,2,3,123,Lost Customers,Medium Value
13732,28,1,491.86,498,491.86,4,1,3,413,New Customers,Medium Value
13735,25,4,2883.54,1128,720.885,4,4,5,445,Champions,High Value
13736,5,2,729.8,496,364.9,5,2,3,523,Potential Loyalists,Medium Value
13737,200,1,339.59999999999997,125,339.59999999999997,1,1,2,112,Lost Customers,Medium Value
13739,18,1,216.9,54,216.9,4,1,1,411,New Customers,Low Value
13740,241,1,350.75,425,350.75,1,1,2,112,Lost Customers,Medium Value
13741,72,3,668.4300000000001,218,222.81000000000003,2,3,3,233,At Risk,Medium Value
13742,17,12,3107.87,1115,258.9891666666667,4,5,5,455,Champions,High Value
13743,3,7,1341.6,1776,191.65714285714284,5,5,4,554,Champions,High Value
13744,95,2,1080.52,1153,540.26,2,2,4,224,Big Spenders,High Value
13745,162,1,300.04,496,300.04,2,1,2,212,Lost Customers,Medium Value
13747,374,1,79.6,8,79.6,1,1,1,111,Lost Customers,Low Value
13748,96,5,948.25,439,189.65,2,4,4,244,At Risk,Medium Value
13750,54,5,1647.26,516,329.452,3,4,4,344,Loyal Customers,High Value
13751,288,1,296.25,152,296.25,1,1,2,112,Lost Customers,Medium Value
13752,124,6,1175.38,874,195.89666666666668,2,5,4,254,At Risk,High Value
13753,288,1,741.26,512,741.26,1,1,3,113,Lost Customers,Medium Value
13754,152,2,282.6,214,141.3,2,2,2,222,Lost Customers,Medium Value
13755,4,9,2108.06,1242,234.2288888888889,5,5,5,555,Champions,High Value
13756,2,14,5189.52,3188,370.68,5,5,5,555,Champions,Very High Value
13758,12,7,3190.55,1844,455.79285714285714,5,5,5,555,Champions,High Value
13759,33,2,659.4100000000001,287,329.70500000000004,3,2,3,323,Regular Customers,Medium Value
13760,54,2,286.79,197,143.395,3,2,2,322,Regular Customers,Medium Value
13761,50,2,1070.65,642,535.325,3,2,4,324,Big Spenders,High Value
13762,219,1,306.72,272,306.72,1,1,2,112,Lost Customers,Medium Value
13763,63,1,1714.96,728,1714.96,3,1,4,314,Big Spenders,High Value
13764,71,3,1519.42,926,506.47333333333336,3,3,4,334,Big Spenders,High Value
13767,2,37,17220.36,7322,465.41513513513513,5,5,5,555,Champions,Very High Value
13769,2,10,2796.51,1163,279.651,5,5,5,555,Champions,High Value
13771,64,4,2634.45,1477,658.6125,3,4,5,345,Loyal Customers,High Value
13772,34,3,1122.63,540,374.21000000000004,3,3,4,334,Big Spenders,High Value
13774,82,1,345.0,192,345.0,2,1,2,212,Lost Customers,Medium Value
13777,1,33,25977.16,12897,787.1866666666666,5,5,5,555,Champions,Very High Value
13778,103,1,178.70000000000002,70,178.70000000000002,2,1,1,211,Lost Customers,Low Value
13780,7,2,360.01,318,180.005,5,2,2,522,Potential Loyalists,Medium Value
13781,251,1,127.84,30,127.84,1,1,1,111,Lost Customers,Low Value
13782,13,6,908.86,369,151.47666666666666,5,5,3,553,Loyal Customers,Medium Value
13784,10,11,2462.79,2493,223.89,5,5,5,555,Champions,High Value
13786,367,1,230.39999999999998,136,230.39999999999998,1,1,1,111,Lost Customers,Low Value
13787,76,2,309.04,337,154.52,2,2,2,222,Lost Customers,Medium Value
13790,4,1,348.8,748,348.8,5,1,2,512,New Customers,Medium Value
13791,128,2,1516.0,1200,758.0,2,2,4,224,Big Spenders,High Value
13792,66,2,195.55,92,97.775,3,2,1,321,Regular Customers,Low Value
13798,1,57,37153.85,23948,651.8219298245614,5,5,5,555,Champions,Very High Value
13799,117,2,688.86,402,344.43,2,2,3,223,Lost Customers,Medium Value
13800,310,1,558.32,331,558.32,1,1,3,113,Lost Customers,Medium Value
13801,67,1,324.8,168,324.8,3,1,2,312,Regular Customers,Medium Value
13802,139,3,4599.42,2572,1533.14,2,3,5,235,Big Spenders,High Value
13803,255,1,277.07,121,277.07,1,1,2,112,Lost Customers,Medium Value
13804,31,7,2588.39,1462,369.77,4,5,5,455,Champions,High Value
13805,52,2,924.6,1900,462.3,3,2,3,323,Regular Customers,Medium Value
13806,64,1,256.38,56,256.38,3,1,2,312,Regular Customers,Medium Value
13807,367,1,112.6,36,112.6,1,1,1,111,Lost Customers,Low Value
13808,6,5,1747.66,782,349.53200000000004,5,4,4,544,Champions,High Value
13809,305,1,155.05,29,155.05,1,1,1,111,Lost Customers,Low Value
13810,29,3,1499.01,312,499.67,4,3,4,434,Potential Loyalists,High Value
13811,184,3,814.5,68,271.5,1,3,3,133,At Risk,Medium Value
13812,42,3,539.0,333,179.66666666666666,3,3,3,333,Regular Customers,Medium Value
13813,40,4,1366.8600000000001,552,341.71500000000003,3,4,4,344,Loyal Customers,High Value
13814,92,2,1579.12,864,789.56,2,2,4,224,Big Spenders,High Value
13815,22,4,4027.36,2560,1006.84,4,4,5,445,Champions,High Value
13816,24,2,571.6700000000001,269,285.83500000000004,4,2,3,423,Potential Loyalists,Medium Value
13817,29,2,382.98,211,191.49,4,2,2,422,Potential Loyalists,Medium Value
13819,302,3,1140.35,1109,380.1166666666666,1,3,4,134,Big Spenders,High Value
13821,145,2,385.64,153,192.82,2,2,2,222,Lost Customers,Medium Value
13822,6,2,632.0,611,316.0,5,2,3,523,Potential Loyalists,Medium Value
13823,19,2,957.66,439,478.83,4,2,4,424,Potential Loyalists,Medium Value
13824,33,5,1698.94,768,339.788,3,4,4,344,Loyal Customers,High Value
13826,176,1,189.5,82,189.5,2,1,1,211,Lost Customers,Low Value
13827,58,3,409.8,138,136.6,3,3,2,332,Regular Customers,Medium Value
13828,22,1,209.49,311,209.49,4,1,1,411,New Customers,Low Value
13831,16,6,2198.45,743,366.4083333333333,4,5,5,455,Champions,High Value
13832,19,1,52.2,28,52.2,4,1,1,411,New Customers,Low Value
13833,159,1,383.85,117,383.85,2,1,2,212,Lost Customers,Medium Value
13835,25,4,834.57,442,208.6425,4,4,3,443,Loyal Customers,Medium Value
13837,212,2,266.59000000000003,182,133.29500000000002,1,2,2,122,Lost Customers,Medium Value
13838,6,4,674.82,254,168.705,5,4,3,543,Loyal Customers,Medium Value
13841,253,1,85.0,100,85.0,1,1,1,111,Lost Customers,Low Value
13842,59,9,3385.62,1768,376.18,3,5,5,355,Loyal Customers,High Value
13844,11,1,361.62,196,361.62,5,1,2,512,New Customers,Medium Value
13845,65,1,312.98,182,312.98,3,1,2,312,Regular Customers,Medium Value
13846,25,3,865.0600000000001,388,288.35333333333335,4,3,3,433,Potential Loyalists,Medium Value
13848,92,3,1255.0,3700,418.3333333333333,2,3,4,234,Big Spenders,High Value
13849,52,2,1537.95,1016,768.975,3,2,4,324,Big Spenders,High Value
13850,129,1,1595.48,944,1595.48,2,1,4,214,Big Spenders,High Value
13851,96,3,2651.46,1705,883.82,2,3,5,235,Big Spenders,High Value
13853,57,1,1090.14,312,1090.14,3,1,4,314,Big Spenders,High Value
13854,9,25,8109.5199999999995,2296,324.38079999999997,5,5,5,555,Champions,Very High Value
13856,169,3,388.5,494,129.5,2,3,2,232,At Risk,Medium Value
13858,57,1,216.17000000000002,75,216.17000000000002,3,1,1,311,Regular Customers,Low Value
13859,326,1,201.16,129,201.16,1,1,1,111,Lost Customers,Low Value
13860,1,5,1245.9,591,249.18,5,4,4,544,Champions,High Value
13862,18,8,2209.36,1688,276.17,4,5,5,455,Champions,High Value
13863,248,1,305.78000000000003,224,305.78000000000003,1,1,2,112,Lost Customers,Medium Value
13865,58,4,501.56,204,125.39,3,4,3,343,Loyal Customers,Medium Value
13866,74,1,145.67000000000002,57,145.67000000000002,2,1,1,211,Lost Customers,Low Value
13867,31,3,1005.09,501,335.03000000000003,4,3,4,434,Potential Loyalists,High Value
13868,7,2,3192.54,1964,1596.27,5,2,5,525,Potential Loyalists,High Value
13869,123,4,3083.65,1709,770.9125,2,4,5,245,At Risk,High Value
13870,2,8,2770.94,1325,346.3675,5,5,5,555,Champions,High Value
13871,23,13,6403.25,2806,492.5576923076923,4,5,5,455,Champions,Very High Value
13873,120,3,389.6,140,129.86666666666667,2,3,2,232,At Risk,Medium Value
13874,358,1,540.45,180,540.45,1,1,3,113,Lost Customers,Medium Value
13875,54,5,1786.79,1316,357.358,3,4,4,344,Loyal Customers,High Value
13876,64,1,122.7,36,122.7,3,1,1,311,Regular Customers,Low Value
13877,86,1,117.24,108,117.24,2,1,1,211,Lost Customers,Low Value
13878,55,1,1271.57,463,1271.57,3,1,4,314,Big Spenders,High Value
13880,21,13,3219.77,1842,247.67461538461538,4,5,5,455,Champions,High Value
13881,4,20,17159.52,10118,857.976,5,5,5,555,Champions,Very High Value
13882,3,5,1191.13,953,238.22600000000003,5,4,4,544,Champions,High Value
13883,11,5,2674.48,1436,534.896,5,4,5,545,Champions,High Value
13884,7,5,787.6,300,157.52,5,4,3,543,Loyal Customers,Medium Value
13885,189,2,506.8,182,253.4,1,2,3,123,Lost Customers,Medium Value
13886,71,1,243.56,126,243.56,3,1,1,311,Regular Customers,Low Value
13887,204,1,349.55,147,349.55,1,1,2,112,Lost Customers,Medium Value
13888,120,2,595.67,254,297.835,2,2,3,223,Lost Customers,Medium Value
13889,93,1,416.90000000000003,146,416.90000000000003,2,1,2,212,Lost Customers,Medium Value
13890,1,10,1883.81,831,188.381,5,5,4,554,Champions,High Value
13892,27,4,632.97,983,158.2425,4,4,3,443,Loyal Customers,Medium Value
13893,298,1,821.1,190,821.1,1,1,3,113,Lost Customers,Medium Value
13894,24,3,564.62,354,188.20666666666668,4,3,3,433,Potential Loyalists,Medium Value
13895,28,4,2593.07,1365,648.2675,4,4,5,445,Champions,High Value
13897,50,1,311.16,200,311.16,3,1,2,312,Regular Customers,Medium Value
13898,326,1,155.93,133,155.93,1,1,1,111,Lost Customers,Low Value
13899,16,2,388.52,156,194.26,4,2,2,422,Potential Loyalists,Medium Value
13900,183,3,740.95,430,246.98333333333335,1,3,3,133,At Risk,Medium Value
13901,72,5,2867.2000000000003,1739,573.44,2,4,5,245,At Risk,High Value
13904,37,2,332.64,332,166.32,3,2,2,322,Regular Customers,Medium Value
13908,80,4,2369.55,1478,592.3875,2,4,5,245,At Risk,High Value
13911,57,9,2580.91,2731,286.7677777777778,3,5,5,355,Loyal Customers,High Value
13914,12,2,626.45,380,313.225,5,2,3,523,Potential Loyalists,Medium Value
13917,50,2,272.04,228,136.02,3,2,2,322,Regular Customers,Medium Value
13918,50,2,1212.8400000000001,1140,606.4200000000001,3,2,4,324,Big Spenders,High Value
13919,59,2,384.81,474,192.405,3,2,2,322,Regular Customers,Medium Value
13922,352,1,172.25,93,172.25,1,1,1,111,Lost Customers,Low Value
13923,54,1,351.13000000000005,185,351.13000000000005,3,1,2,312,Regular Customers,Medium Value
13924,2,6,1838.8500000000001,1575,306.475,5,5,4,554,Champions,High Value
13925,93,4,678.25,331,169.5625,2,4,3,243,At Risk,Medium Value
13926,23,1,223.85000000000002,104,223.85000000000002,4,1,1,411,New Customers,Low Value
13927,75,1,348.99,214,348.99,2,1,2,212,Lost Customers,Medium Value
13928,11,4,464.57,129,116.1425,5,4,2,542,Potential Loyalists,Medium Value
13929,169,2,842.65,143,421.325,2,2,3,223,Lost Customers,Medium Value
13930,58,2,337.34,274,168.67,3,2,2,322,Regular Customers,Medium Value
13931,96,2,1237.53,725,618.765,2,2,4,224,Big Spenders,High Value
13932,295,1,307.4,72,307.4,1,1,2,112,Lost Customers,Medium Value
13933,109,2,608.79,205,304.395,2,2,3,223,Lost Customers,Medium Value
13934,264,1,922.1,390,922.1,1,1,3,113,Lost Customers,Medium Value
13936,180,1,376.58,330,376.58,1,1,2,112,Lost Customers,Medium Value
13937,169,1,158.85,123,158.85,2,1,1,211,Lost Customers,Low Value
13938,35,1,71.66,70,71.66,3,1,1,311,Regular Customers,Low Value
13939,23,3,568.55,847,189.51666666666665,4,3,3,433,Potential Loyalists,Medium Value
13940,17,4,839.14,516,209.785,4,4,3,443,Loyal Customers,Medium Value
13941,22,5,5112.96,2364,1022.592,4,4,5,445,Champions,Very High Value
13946,79,3,561.57,443,187.19000000000003,2,3,3,233,At Risk,Medium Value
13947,65,1,90.60000000000001,44,90.60000000000001,3,1,1,311,Regular Customers,Low Value
13948,361,1,102.0,40,102.0,1,1,1,111,Lost Customers,Low Value
13949,3,6,2427.32,2474,404.55333333333334,5,5,5,555,Champions,High Value
13950,11,4,745.0600000000001,323,186.26500000000001,5,4,3,543,Loyal Customers,Medium Value
13951,176,3,674.45,459,224.8166666666667,2,3,3,233,At Risk,Medium Value
13952,218,2,3251.071,1431,1625.5355,1,2,5,125,Big Spenders,High Value
13953,7,7,3515.68,2724,502.23999999999995,5,5,5,555,Champions,High Value
13954,2,2,439.92,150,219.96,5,3,2,532,Potential Loyalists,Medium Value
13955,154,2,322.96,154,161.48,2,3,2,232,At Risk,Medium Value
13956,5,5,1019.27,486,203.85399999999998,5,4,4,544,Champions,High Value
13959,79,3,594.04,355,198.01333333333332,2,3,3,233,At Risk,Medium Value
13960,21,2,230.22,142,115.11,4,3,1,431,Regular Customers,Low Value
13962,22,2,169.55,87,84.775,4,3,1,431,Regular Customers,Low Value
13963,308,4,664.54,460,166.135,1,4,3,143,At Risk,Medium Value
13967,146,1,80.7,42,80.7,2,1,1,211,Lost Customers,Low Value
13969,7,18,9024.17,4528,501.34277777777777,5,5,5,555,Champions,Very High Value
13971,19,8,2758.26,1844,344.7825,4,5,5,455,Champions,High Value
13972,71,2,190.25,187,95.125,3,3,1,331,Regular Customers,Low Value
13973,287,1,264.7,109,264.7,1,1,2,112,Lost Customers,Medium Value
13974,49,1,413.59000000000003,249,413.59000000000003,3,1,2,312,Regular Customers,Medium Value
13975,31,6,2461.2400000000002,1697,410.2066666666667,4,5,5,455,Champions,High Value
13976,207,1,357.98,154,357.98,1,1,2,112,Lost Customers,Medium Value
13978,15,2,196.79,315,98.395,4,3,1,431,Regular Customers,Low Value
13979,73,1,869.87,639,869.87,2,1,3,213,Lost Customers,Medium Value
13980,60,1,200.14,172,200.14,3,1,1,311,Regular Customers,Low Value
13982,39,4,1871.81,1136,467.9525,3,4,4,344,Loyal Customers,High Value
13983,30,12,2603.4300000000003,1183,216.95250000000001,4,5,5,455,Champions,High Value
13984,27,5,920.51,679,184.102,4,4,3,443,Loyal Customers,Medium Value
13985,4,15,7060.13,3445,470.67533333333336,5,5,5,555,Champions,Very High Value
13986,17,1,320.46000000000004,430,320.46000000000004,4,1,2,412,New Customers,Medium Value
13988,20,6,4147.96,3044,691.3266666666667,4,5,5,455,Champions,High Value
13989,66,2,1266.08,1313,633.04,3,3,4,334,Big Spenders,High Value
13990,213,1,311.3,190,311.3,1,1,2,112,Lost Customers,Medium Value
13991,12,6,852.88,995,142.14666666666668,5,5,3,553,Loyal Customers,Medium Value
13992,30,1,76.8,64,76.8,4,1,1,411,New Customers,Low Value
13993,43,9,3466.36,900,385.1511111111111,3,5,5,355,Loyal Customers,High Value
13994,4,6,2274.14,932,379.0233333333333,5,5,5,555,Champions,High Value
13995,15,5,1393.69,879,278.738,4,4,4,444,Champions,High Value
13999,10,12,3901.81,2243,325.1508333333333,5,5,5,555,Champions,High Value
14000,211,1,635.66,710,635.66,1,1,3,113,Lost Customers,Medium Value
14001,46,3,2043.0800000000002,962,681.0266666666668,3,3,4,334,Big Spenders,High Value
14002,134,2,529.73,877,264.865,2,3,3,233,At Risk,Medium Value
14004,43,7,4582.64,2668,654.6628571428572,3,5,5,355,Loyal Customers,High Value
14005,10,5,2874.72,2478,574.944,5,4,5,545,Champions,High Value
14006,116,3,962.19,641,320.73,2,3,4,234,Big Spenders,Medium Value
14009,198,2,695.61,365,347.805,1,3,3,133,At Risk,Medium Value
14012,278,1,328.8,160,328.8,1,1,2,112,Lost Customers,Medium Value
14013,110,3,473.02,462,157.67333333333332,2,3,2,232,At Risk,Medium Value
14014,77,1,505.18,1076,505.18,2,1,3,213,Lost Customers,Medium Value
14015,53,1,917.34,378,917.34,3,1,3,313,Regular Customers,Medium Value
14016,162,4,4341.21,2125,1085.3025,2,4,5,245,At Risk,High Value
14019,47,3,1421.61,1037,473.86999999999995,3,3,4,334,Big Spenders,High Value
14020,17,2,642.8,441,321.4,4,3,3,433,Potential Loyalists,Medium Value
14021,155,3,631.9,192,210.63333333333333,2,3,3,233,At Risk,Medium Value
14022,225,1,440.0,487,440.0,1,1,2,112,Lost Customers,Medium Value
14023,7,2,584.07,345,292.035,5,3,3,533,Potential Loyalists,Medium Value
14024,122,2,327.7,150,163.85,2,3,2,232,At Risk,Medium Value
14027,61,1,104.82,62,104.82,3,1,1,311,Regular Customers,Low Value
14029,63,2,467.66,198,233.83,3,3,2,332,Regular Customers,Medium Value
14030,18,8,2358.84,1478,294.855,4,5,5,455,Champions,High Value
14031,7,19,17286.86,5788,909.8347368421053,5,5,5,555,Champions,Very High Value
14032,2,11,2975.59,2032,270.5081818181818,5,5,5,555,Champions,High Value
14034,22,3,648.89,420,216.29666666666665,4,3,3,433,Potential Loyalists,Medium Value
14035,29,5,1428.02,739,285.604,4,4,4,444,Champions,High Value
14036,285,1,626.65,268,626.65,1,1,3,113,Lost Customers,Medium Value
14037,176,2,147.20000000000002,46,73.60000000000001,2,3,1,231,At Risk,Low Value
14038,78,3,1560.38,965,520.1266666666667,2,3,4,234,Big Spenders,High Value
14039,33,1,152.2,92,152.2,3,1,1,311,Regular Customers,Low Value
14040,41,12,3560.32,1544,296.6933333333333,3,5,5,355,Loyal Customers,High Value
14041,266,1,141.41,94,141.41,1,1,1,111,Lost Customers,Low Value
14044,27,4,646.42,304,161.605,4,4,3,443,Loyal Customers,Medium Value
14045,109,4,1659.75,535,414.9375,2,4,4,244,At Risk,High Value
14046,284,1,154.99,460,154.99,1,1,1,111,Lost Customers,Low Value
14047,9,5,1308.61,381,261.722,5,4,4,544,Champions,High Value
14048,305,1,409.93,288,409.93,1,1,2,112,Lost Customers,Medium Value
14049,17,4,5578.72,3808,1394.68,4,4,5,445,Champions,Very High Value
14050,32,2,746.36,689,373.18,4,3,3,433,Potential Loyalists,Medium Value
14051,1,23,15610.39,3756,678.7126086956522,5,5,5,555,Champions,Very High Value
14052,20,1,225.36,89,225.36,4,1,1,411,New Customers,Low Value
14053,124,2,260.25,215,130.125,2,3,2,232,At Risk,Medium Value
14054,65,1,92.46000000000001,62,92.46000000000001,3,1,1,311,Regular Customers,Low Value
14055,106,1,725.6400000000001,216,725.6400000000001,2,1,3,213,Lost Customers,Medium Value
14056,1,23,8152.71,4252,354.46565217391304,5,5,5,555,Champions,Very High Value
14057,24,17,6211.66,4873,365.39176470588234,4,5,5,455,Champions,Very High Value
14059,267,1,183.6,128,183.6,1,1,1,111,Lost Customers,Low Value
14060,5,19,6140.42,5386,323.18,5,5,5,555,Champions,Very High Value
14062,10,12,10464.85,5593,872.0708333333333,5,5,5,555,Champions,Very High Value
14064,29,5,1334.34,1772,266.868,4,4,4,444,Champions,High Value
14066,267,1,152.55,45,152.55,1,1,1,111,Lost Customers,Low Value
14067,64,2,374.7,361,187.35,3,3,2,332,Regular Customers,Medium Value
14068,320,1,265.85,73,265.85,1,1,2,112,Lost Customers,Medium Value
14071,4,8,1437.57,994,179.69625,5,5,4,554,Champions,High Value
14073,32,1,151.04,130,151.04,4,1,1,411,New Customers,Low Value
14075,5,3,942.26,754,314.08666666666664,5,3,4,534,Potential Loyalists,Medium Value
14076,129,1,118.67,79,118.67,2,1,1,211,Lost Customers,Low Value
14077,41,5,499.42,268,99.884,3,4,3,343,Loyal Customers,Medium Value
14078,102,6,1049.37,310,174.89499999999998,2,5,4,254,At Risk,High Value
14079,125,1,375.1,301,375.1,2,1,2,212,Lost Customers,Medium Value
14080,33,1,45.599999999999994,48,45.599999999999994,3,1,1,311,Regular Customers,Low Value
14081,302,2,921.62,592,460.81,1,3,3,133,At Risk,Medium Value
14082,365,1,182.25,110,182.25,1,1,1,111,Lost Customers,Low Value
14083,4,9,1002.9,705,111.43333333333334,5,5,4,554,Champions,High Value
14085,2,18,4421.29,3177,245.62722222222223,5,5,5,555,Champions,High Value
14087,3,1,191.47,250,191.47,5,1,1,511,New Customers,Low Value
14088,10,13,50491.81,12665,3883.9853846153846,5,5,5,555,Champions,Very High Value
14089,57,1,158.75,133,158.75,3,1,1,311,Regular Customers,Low Value
14090,325,1,76.32000000000001,72,76.32000000000001,1,1,1,111,Lost Customers,Low Value
14092,8,14,4076.9100000000003,2066,291.20785714285716,5,5,5,555,Champions,High Value
14093,12,1,433.86,391,433.86,5,1,2,512,New Customers,Medium Value
14096,4,17,65164.79,16352,3833.2229411764706,5,5,5,555,Champions,Very High Value
14098,37,1,147.35,104,147.35,3,1,1,311,Regular Customers,Low Value
14099,16,11,3104.17,2179,282.1972727272727,4,5,5,455,Champions,High Value
14100,138,1,191.95,63,191.95,2,1,1,211,Lost Customers,Low Value
14101,74,6,5976.79,6942,996.1316666666667,2,5,5,255,At Risk,Very High Value
14102,5,5,1105.8799999999999,769,221.176,5,4,4,544,Champions,High Value
14104,155,2,216.21,72,108.105,2,3,1,231,At Risk,Low Value
14105,239,1,1266.23,800,1266.23,1,1,4,114,Big Spenders,High Value
14107,52,7,2703.23,1793,386.17571428571426,3,5,5,355,Loyal Customers,High Value
14108,31,2,597.91,381,298.955,4,3,3,433,Potential Loyalists,Medium Value
14109,73,1,144.2,88,144.2,2,1,1,211,Lost Customers,Low Value
14110,4,12,5683.15,2445,473.5958333333333,5,5,5,555,Champions,Very High Value
14111,14,4,692.85,458,173.2125,4,4,3,443,Loyal Customers,Medium Value
14112,23,7,2915.15,1651,416.45,4,5,5,455,Champions,High Value
14113,4,4,1840.42,745,460.105,5,4,4,544,Champions,High Value
14114,274,2,386.53,101,193.265,1,3,2,132,At Risk,Medium Value
14116,20,5,1382.74,707,276.548,4,4,4,444,Champions,High Value
14117,144,1,90.0,72,90.0,2,1,1,211,Lost Customers,Low Value
14121,4,4,2780.15,2082,695.0375,5,4,5,545,Champions,High Value
14124,84,1,419.58,1618,419.58,2,1,2,212,Lost Customers,Medium Value
14125,11,3,2720.63,1628,906.8766666666667,5,3,5,535,Potential Loyalists,High Value
14126,8,3,706.1300000000001,508,235.3766666666667,5,3,3,533,Potential Loyalists,Medium Value
14127,123,3,709.71,321,236.57000000000002,2,3,3,233,At Risk,Medium Value
14128,61,2,637.5,564,318.75,3,3,3,333,Regular Customers,Medium Value
14129,2,5,1123.86,592,224.772,5,4,4,544,Champions,High Value
14130,319,1,480.91,257,480.91,1,1,2,112,Lost Customers,Medium Value
14132,2,11,3586.03,3368,326.00272727272727,5,5,5,555,Champions,High Value
14133,130,3,605.64,348,201.88,2,3,3,233,At Risk,Medium Value
14135,2,15,4690.31,3850,312.68733333333336,5,5,5,555,Champions,High Value
14138,2,2,965.88,600,482.94,5,3,4,534,Potential Loyalists,Medium Value
14139,46,1,415.82,510,415.82,3,1,2,312,Regular Customers,Medium Value
14140,4,2,935.05,811,467.525,5,3,4,534,Potential Loyalists,Medium Value
14141,3,4,915.13,355,228.7825,5,4,3,543,Loyal Customers,Medium Value
14142,373,1,311.81,313,311.81,1,1,2,112,Lost Customers,Medium Value
14143,134,1,115.8,30,115.8,2,1,1,211,Lost Customers,Low Value
14145,47,4,3742.2,756,935.55,3,4,5,345,Loyal Customers,High Value
14146,9,5,4191.0,2437,838.2,5,4,5,545,Champions,High Value
14147,78,2,483.4,108,241.7,2,3,2,232,At Risk,Medium Value
14148,234,1,157.2,16,157.2,1,1,1,111,Lost Customers,Low Value
14149,221,1,446.62,218,446.62,1,1,2,112,Lost Customers,Medium Value
14150,36,2,658.64,496,329.32,3,3,3,333,Regular Customers,Medium Value
14152,75,2,621.29,711,310.645,2,3,3,233,At Risk,Medium Value
14154,239,2,1345.62,465,672.81,1,3,4,134,Big Spenders,High Value
14155,266,1,118.75,25,118.75,1,1,1,111,Lost Customers,Low Value
14156,10,55,117210.08,57768,2131.0923636363636,5,5,5,555,Champions,Very High Value
14157,20,2,424.89,271,212.445,4,3,2,432,Potential Loyalists,Medium Value
14158,40,1,507.65999999999997,781,507.65999999999997,3,1,3,313,Regular Customers,Medium Value
14159,20,11,4630.35,4348,420.94090909090914,4,5,5,455,Champions,High Value
14161,216,3,1097.6200000000001,450,365.8733333333334,1,3,4,134,Big Spenders,High Value
14162,174,2,289.36,142,144.68,2,3,2,232,At Risk,Medium Value
14163,87,4,2445.91,893,611.4775,2,4,5,245,At Risk,High Value
14164,71,2,1631.77,1033,815.885,3,3,4,334,Big Spenders,High Value
14165,276,1,120.44,53,120.44,1,1,1,111,Lost Customers,Low Value
14167,39,4,562.59,147,140.6475,3,4,3,343,Loyal Customers,Medium Value
14171,98,1,363.79,167,363.79,2,1,2,212,Lost Customers,Medium Value
14173,11,4,450.84000000000003,150,112.71000000000001,5,4,2,542,Potential Loyalists,Medium Value
14174,33,1,134.46,94,134.46,3,1,1,311,Regular Customers,Low Value
14175,60,3,3222.3,1515,1074.1000000000001,3,3,5,335,Big Spenders,High Value
14176,297,4,576.9000000000001,209,144.22500000000002,1,4,3,143,At Risk,Medium Value
14177,86,4,549.46,204,137.365,2,4,3,243,At Risk,Medium Value
14178,9,7,1600.26,1494,228.60857142857142,5,5,4,554,Champions,High Value
14179,41,2,701.57,319,350.785,3,3,3,333,Regular Customers,Medium Value
14180,11,25,4748.52,719,189.94080000000002,5,5,5,555,Champions,High Value
14184,67,1,452.89,127,452.89,3,1,2,312,Regular Customers,Medium Value
14185,331,1,197.65,6,197.65,1,1,1,111,Lost Customers,Low Value
14188,31,6,2054.36,1162,342.3933333333334,4,5,4,454,Champions,High Value
14189,2,15,4654.08,3937,310.272,5,5,5,555,Champions,High Value
14191,2,13,4684.76,3662,360.36615384615385,5,5,5,555,Champions,High Value
14193,68,2,853.39,445,426.695,3,3,3,333,Regular Customers,Medium Value
14194,5,21,11349.52,5840,540.4533333333334,5,5,5,555,Champions,Very High Value
14195,202,2,1012.0,760,506.0,1,3,4,134,Big Spenders,High Value
14196,107,1,335.52,142,335.52,2,1,2,212,Lost Customers,Medium Value
14198,18,4,701.4,290,175.35,4,4,3,443,Loyal Customers,Medium Value
14199,218,1,185.39999999999998,28,185.39999999999998,1,1,1,111,Lost Customers,Low Value
14201,60,7,747.4399999999999,590,106.77714285714285,3,5,3,353,Loyal Customers,Medium Value
14204,2,1,150.61,72,150.61,5,1,1,511,New Customers,Low Value
14205,17,2,466.7,204,233.35,4,3,2,432,Potential Loyalists,Medium Value
14206,239,1,328.15999999999997,276,328.15999999999997,1,1,2,112,Lost Customers,Medium Value
14208,95,1,151.74,114,151.74,2,1,1,211,Lost Customers,Low Value
14209,11,6,2073.43,691,345.57166666666666,5,5,5,555,Champions,High Value
14210,106,6,1905.8400000000001,760,317.64000000000004,2,5,4,254,At Risk,High Value
14211,53,9,2241.1,1242,249.0111111111111,3,5,5,355,Loyal Customers,High Value
14212,90,1,1070.48,1152,1070.48,2,1,4,214,Big Spenders,High Value
14214,31,5,1004.38,751,200.876,4,4,4,444,Champions,High Value
14215,12,6,1789.72,1358,298.2866666666667,5,5,4,554,Champions,High Value
14216,3,4,1839.3,594,459.825,5,4,4,544,Champions,High Value
14217,2,17,2004.98,689,117.94,5,5,4,554,Champions,High Value
14218,43,1,169.48000000000002,160,169.48000000000002,3,1,1,311,Regular Customers,Low Value
14219,4,1,89.94,78,89.94,5,1,1,511,New Customers,Low Value
14220,247,2,632.4,272,316.2,1,3,3,133,At Risk,Medium Value
14221,42,9,3432.8,2191,381.4222222222222,3,5,5,355,Loyal Customers,High Value
14222,177,1,683.17,607,683.17,2,1,3,213,Lost Customers,Medium Value
14223,92,3,991.13,585,330.37666666666667,2,3,4,234,Big Spenders,Medium Value
14224,110,4,1009.73,483,252.4325,2,4,4,244,At Risk,High Value
14226,29,5,2214.79,1296,442.95799999999997,4,4,5,445,Champions,High Value
14227,26,10,3350.96,1820,335.096,4,5,5,455,Champions,High Value
14229,52,3,1547.2,610,515.7333333333333,3,3,4,334,Big Spenders,High Value
14231,184,3,925.71,409,308.57,1,3,3,133,At Risk,Medium Value
14232,43,5,2048.07,1941,409.61400000000003,3,4,4,344,Loyal Customers,High Value
14233,49,4,1462.72,680,365.68,3,4,4,344,Loyal Customers,High Value
14234,22,4,754.12,951,188.53,4,4,3,443,Loyal Customers,Medium Value
14235,75,5,3144.86,1959,628.972,2,4,5,245,At Risk,High Value
14236,81,2,490.85999999999996,310,245.42999999999998,2,3,3,233,At Risk,Medium Value
14237,373,1,161.0,38,161.0,1,1,1,111,Lost Customers,Low Value
14238,326,1,146.85,111,146.85,1,1,1,111,Lost Customers,Low Value
14239,43,11,2380.85,993,216.4409090909091,3,5,5,355,Loyal Customers,High Value
14240,30,2,890.34,418,445.17,4,3,3,433,Potential Loyalists,Medium Value
14241,184,1,213.70000000000002,146,213.70000000000002,1,1,1,111,Lost Customers,Low Value
14242,235,2,280.55,123,140.275,1,3,2,132,At Risk,Medium Value
14243,9,10,2588.77,1221,258.877,5,5,5,555,Champions,High Value
14245,220,2,1693.45,976,846.725,1,3,4,134,Big Spenders,High Value
14246,111,3,1474.06,804,491.3533333333333,2,3,4,234,Big Spenders,High Value
14247,278,1,136.77,47,136.77,1,1,1,111,Lost Customers,Low Value
14248,318,1,302.58,102,302.58,1,1,2,112,Lost Customers,Medium Value
14250,7,3,1904.05,1200,634.6833333333333,5,3,4,534,Potential Loyalists,High Value
14251,2,5,2879.7000000000003,1674,575.94,5,4,5,545,Champions,High Value
14256,260,2,969.0600000000001,414,484.53000000000003,1,3,4,134,Big Spenders,Medium Value
14257,64,5,3099.7200000000003,1682,619.9440000000001,3,4,5,345,Loyal Customers,High Value
14258,9,9,12669.98,7100,1407.7755555555555,5,5,5,555,Champions,Very High Value
14259,142,1,120.0,68,120.0,2,1,1,211,Lost Customers,Low Value
14261,51,2,1163.45,406,581.725,3,3,4,334,Big Spenders,High Value
14262,8,8,2618.23,1645,327.27875,5,5,5,555,Champions,High Value
14264,155,2,333.97,70,166.985,2,3,2,232,At Risk,Medium Value
14265,109,2,530.18,330,265.09,2,3,3,233,At Risk,Medium Value
14267,163,3,1516.24,530,505.41333333333336,2,3,4,234,Big Spenders,High Value
14270,332,1,492.65000000000003,197,492.65000000000003,1,1,3,113,Lost Customers,Medium Value
14271,226,1,112.32000000000001,88,112.32000000000001,1,1,1,111,Lost Customers,Low Value
14272,74,2,437.96,599,218.98,2,3,2,232,At Risk,Medium Value
14273,51,4,559.97,264,139.9925,3,4,3,343,Loyal Customers,Medium Value
14276,99,3,1119.74,744,373.24666666666667,2,3,4,234,Big Spenders,High Value
14277,15,3,4188.0,1976,1396.0,4,3,5,435,Potential Loyalists,High Value
14280,197,1,134.04000000000002,52,134.04000000000002,1,1,1,111,Lost Customers,Low Value
14282,3,15,3701.44,2656,246.76266666666666,5,5,5,555,Champions,High Value
14284,31,2,595.25,161,297.625,4,3,3,433,Potential Loyalists,Medium Value
14285,21,4,1910.01,541,477.5025,4,4,4,444,Champions,High Value
14286,24,3,4628.75,4338,1542.9166666666667,4,3,5,435,Potential Loyalists,High Value
14287,8,3,176.63,261,58.876666666666665,5,3,1,531,Regular Customers,Low Value
14288,213,1,426.6,188,426.6,1,1,2,112,Lost Customers,Medium Value
14289,9,6,911.26,292,151.87666666666667,5,5,3,553,Loyal Customers,Medium Value
14290,11,5,2314.65,915,462.93,5,4,5,545,Champions,High Value
14291,2,11,3883.25,2749,353.02272727272725,5,5,5,555,Champions,High Value
14292,8,9,4871.93,1663,541.3255555555556,5,5,5,555,Champions,High Value
14293,3,4,1046.56,709,261.64,5,4,4,544,Champions,High Value
14295,40,1,166.20000000000002,84,166.20000000000002,3,1,1,311,Regular Customers,Low Value
14297,18,4,1305.33,865,326.3325,4,4,4,444,Champions,High Value
14298,8,44,51527.3,58343,1171.075,5,5,5,555,Champions,Very High Value
14299,8,9,3965.62,2149,440.6244444444444,5,5,5,555,Champions,High Value
14300,19,1,43.2,32,43.2,4,1,1,411,New Customers,Low Value
14301,117,1,640.14,606,640.14,2,1,3,213,Lost Customers,Medium Value
14304,223,1,383.45,139,383.45,1,1,2,112,Lost Customers,Medium Value
14305,71,3,1858.96,1089,619.6533333333333,3,3,4,334,Big Spenders,High Value
14306,51,2,2093.32,1075,1046.66,3,3,5,335,Big Spenders,High Value
14307,89,6,2995.7200000000003,2058,499.2866666666667,2,5,5,255,At Risk,High Value
14309,8,9,2352.53,1633,261.39222222222224,5,5,5,555,Champions,High Value
14311,243,1,310.26,146,310.26,1,1,2,112,Lost Customers,Medium Value
14312,47,6,1611.5900000000001,1012,268.59833333333336,3,5,4,354,Loyal Customers,High Value
14314,107,1,120.0,296,120.0,2,1,1,211,Lost Customers,Low Value
14315,45,6,2481.13,1021,413.5216666666667,3,5,5,355,Loyal Customers,High Value
14317,65,1,508.58,255,508.58,3,1,3,313,Regular Customers,Medium Value
14320,207,2,477.79,325,238.895,1,3,2,132,At Risk,Medium Value
14321,11,5,1530.75,2406,306.15,5,4,4,544,Champions,High Value
14323,115,2,605.0600000000001,350,302.53000000000003,2,3,3,233,At Risk,Medium Value
14326,242,1,183.85000000000002,103,183.85000000000002,1,1,1,111,Lost Customers,Low Value
14327,163,1,311.65000000000003,139,311.65000000000003,2,1,2,212,Lost Customers,Medium Value
14329,17,7,4975.24,3087,710.7485714285714,4,5,5,455,Champions,High Value
14331,124,2,462.66,252,231.33,2,3,2,232,At Risk,Medium Value
14332,23,3,840.21,463,280.07,4,3,3,433,Potential Loyalists,Medium Value
14333,68,1,415.2,58,415.2,3,1,2,312,Regular Customers,Medium Value
14334,17,8,2552.21,1731,319.02625,4,5,5,455,Champions,High Value
14335,16,2,454.86,375,227.43,4,3,2,432,Potential Loyalists,Medium Value
14336,17,4,1614.91,1759,403.7275,4,4,4,444,Champions,High Value
14338,161,2,588.22,335,294.11,2,3,3,233,At Risk,Medium Value
14339,243,1,309.52,168,309.52,1,1,2,112,Lost Customers,Medium Value
14340,219,1,134.70000000000002,58,134.70000000000002,1,1,1,111,Lost Customers,Low Value
14341,45,8,2166.98,1397,270.8725,3,5,5,355,Loyal Customers,High Value
14342,21,4,668.5600000000001,347,167.14000000000001,4,4,3,443,Loyal Customers,Medium Value
14344,127,8,889.9300000000001,477,111.24125000000001,2,5,3,253,At Risk,Medium Value
14345,39,1,108.98,50,108.98,3,1,1,311,Regular Customers,Low Value
14346,121,2,1021.58,605,510.79,2,3,4,234,Big Spenders,High Value
14348,260,1,409.57,183,409.57,1,1,2,112,Lost Customers,Medium Value
14349,10,1,133.5,86,133.5,5,1,1,511,New Customers,Low Value
14350,274,1,282.93,183,282.93,1,1,2,112,Lost Customers,Medium Value
14351,165,1,51.0,12,51.0,2,1,1,211,Lost Customers,Low Value
14352,157,4,1078.96,538,269.74,2,4,4,244,At Risk,High Value
14353,215,1,90.6,64,90.6,1,1,1,111,Lost Customers,Low Value
14354,6,2,163.62,210,81.81,5,3,1,531,Regular Customers,Low Value
14355,366,1,174.4,92,174.4,1,1,1,111,Lost Customers,Low Value
14356,80,2,701.23,277,350.615,2,3,3,233,At Risk,Medium Value
14357,43,1,225.12,147,225.12,3,1,1,311,Regular Customers,Low Value
14359,19,3,912.1800000000001,371,304.06,4,3,3,433,Potential Loyalists,Medium Value
14360,32,4,2118.03,1139,529.5075,4,4,5,445,Champions,High Value
14362,22,1,151.5,96,151.5,4,1,1,411,New Customers,Low Value
14364,109,8,3717.35,1967,464.66875,2,5,5,255,At Risk,High Value
14367,8,16,9227.82,4426,576.73875,5,5,5,555,Champions,Very High Value
14368,320,1,155.0,36,155.0,1,1,1,111,Lost Customers,Low Value
14371,295,1,100.5,34,100.5,1,1,1,111,Lost Customers,Low Value
14373,358,1,76.55,17,76.55,1,1,1,111,Lost Customers,Low Value
14375,185,1,235.56,184,235.56,1,1,1,111,Lost Customers,Low Value
14377,191,2,617.05,219,308.525,1,3,3,133,At Risk,Medium Value
14379,44,2,348.1,292,174.05,3,3,2,332,Regular Customers,Medium Value
14381,52,1,202.68,146,202.68,3,1,1,311,Regular Customers,Low Value
14382,26,1,615.49,1231,615.49,4,1,3,413,New Customers,Medium Value
14383,38,3,1247.69,817,415.8966666666667,3,3,4,334,Big Spenders,High Value
14385,9,3,202.11,159,67.37,5,3,1,531,Regular Customers,Low Value
14386,297,1,142.4,54,142.4,1,1,1,111,Lost Customers,Low Value
14387,33,3,1727.6,795,575.8666666666667,3,3,4,334,Big Spenders,High Value
14388,10,8,3212.84,1941,401.605,5,5,5,555,Champions,High Value
14389,65,2,1043.46,729,521.73,3,3,4,334,Big Spenders,High Value
14390,10,9,4642.57,2133,515.8411111111111,5,5,5,555,Champions,High Value
14393,218,1,67.95,13,67.95,1,1,1,111,Lost Customers,Low Value
14395,2,9,3479.91,1689,386.65666666666664,5,5,5,555,Champions,High Value
14396,65,2,487.99,225,243.995,3,3,3,333,Regular Customers,Medium Value
14397,3,19,2612.96,1890,137.52421052631578,5,5,5,555,Champions,High Value
14400,149,1,574.7,454,574.7,2,1,3,213,Lost Customers,Medium Value
14401,4,13,4051.48,4507,311.6523076923077,5,5,5,555,Champions,High Value
14403,130,4,1475.81,519,368.9525,2,4,4,244,At Risk,High Value
14404,34,6,1449.32,827,241.5533333333333,3,5,4,354,Loyal Customers,High Value
14406,119,1,156.75,77,156.75,2,1,1,211,Lost Customers,Low Value
14407,107,6,2157.73,1415,359.62166666666667,2,5,5,255,At Risk,High Value
14408,11,7,2599.03,1610,371.29,5,5,5,555,Champions,High Value
14409,71,6,2059.4500000000003,1230,343.24166666666673,3,5,5,355,Loyal Customers,High Value
14410,92,9,1100.27,567,122.25222222222222,2,5,4,254,At Risk,High Value
14411,311,1,1063.0,196,1063.0,1,1,4,114,Big Spenders,High Value
14412,43,2,770.03,786,385.015,3,3,3,333,Regular Customers,Medium Value
14413,362,1,121.05,67,121.05,1,1,1,111,Lost Customers,Low Value
14414,92,7,1496.98,2512,213.8542857142857,2,5,4,254,At Risk,High Value
14415,1,13,5855.57,2996,450.42846153846153,5,5,5,555,Champions,Very High Value
14416,22,2,490.22,326,245.11,4,3,3,433,Potential Loyalists,Medium Value
14418,4,3,1937.25,1711,645.75,5,3,4,534,Potential Loyalists,High Value
14419,11,6,1051.79,483,175.29833333333332,5,5,4,554,Champions,High Value
14420,99,1,387.52,334,387.52,2,1,2,212,Lost Customers,Medium Value
14421,57,2,813.11,365,406.555,3,3,3,333,Regular Customers,Medium Value
14422,1,6,4263.64,2906,710.6066666666667,5,5,5,555,Champions,High Value
14423,218,1,265.2,120,265.2,1,1,2,112,Lost Customers,Medium Value
14424,18,1,322.08,48,322.08,4,1,2,412,New Customers,Medium Value
14426,24,10,4481.67,2699,448.16700000000003,4,5,5,455,Champions,High Value
14427,50,2,363.34000000000003,228,181.67000000000002,3,3,2,332,Regular Customers,Medium Value
14428,7,5,1224.06,428,244.81199999999998,5,4,4,544,Champions,High Value
14431,303,1,470.36,130,470.36,1,1,2,112,Lost Customers,Medium Value
14432,10,6,2248.5,2013,374.75,5,5,5,555,Champions,High Value
14434,22,6,1372.8,368,228.79999999999998,4,5,4,454,Champions,High Value
14436,99,1,89.06,129,89.06,2,1,1,211,Lost Customers,Low Value
14437,366,1,63.0,60,63.0,1,1,1,111,Lost Customers,Low Value
14438,306,1,131.9,82,131.9,1,1,1,111,Lost Customers,Low Value
14439,320,1,2661.24,526,2661.24,1,1,5,115,Big Spenders,High Value
14440,8,5,2357.6800000000003,588,471.53600000000006,5,4,5,545,Champions,High Value
14441,1,4,1712.89,446,428.2225,5,4,4,544,Champions,High Value
14442,205,2,1589.82,482,794.91,1,3,4,134,Big Spenders,High Value
14443,54,4,1420.2,938,355.05,3,4,4,344,Loyal Customers,High Value
14446,1,4,1010.35,916,252.5875,5,4,4,544,Champions,High Value
14447,19,5,1163.23,571,232.64600000000002,4,4,4,444,Champions,High Value
14448,9,2,375.35,104,187.675,5,3,2,532,Potential Loyalists,Medium Value
14449,19,4,885.8,741,221.45,4,4,3,443,Loyal Customers,Medium Value
14450,181,3,483.25,241,161.08333333333334,1,3,2,132,At Risk,Medium Value
14451,60,2,643.9,378,321.95,3,3,3,333,Regular Customers,Medium Value
14452,11,2,259.05,116,129.525,5,3,2,532,Potential Loyalists,Medium Value
14453,190,1,119.93,49,119.93,1,1,1,111,Lost Customers,Low Value
14456,5,9,3017.28,2885,335.25333333333333,5,5,5,555,Champions,High Value
14457,311,1,113.64,88,113.64,1,1,1,111,Lost Customers,Low Value
14459,155,1,1837.92,760,1837.92,2,1,4,214,Big Spenders,High Value
14460,110,3,434.34,881,144.78,2,3,2,232,At Risk,Medium Value
14461,148,3,2103.06,766,701.02,2,3,5,235,Big Spenders,High Value
14462,66,11,1980.57,956,180.05181818181816,3,5,4,354,Loyal Customers,High Value
14463,98,3,529.62,179,176.54,2,3,3,233,At Risk,Medium Value
14465,247,3,1038.44,398,346.1466666666667,1,3,4,134,Big Spenders,High Value
14466,29,7,2272.4,1006,324.62857142857143,4,5,5,455,Champions,High Value
14467,18,4,596.26,276,149.065,4,4,3,443,Loyal Customers,Medium Value
14470,12,2,461.19,193,230.595,5,3,2,532,Potential Loyalists,Medium Value
14472,104,8,1852.67,1135,231.58375,2,5,4,254,At Risk,High Value
14473,74,2,234.34,88,117.17,2,3,1,231,At Risk,Low Value
14474,46,1,547.66,140,547.66,3,1,3,313,Regular Customers,Medium Value
14475,72,3,925.85,447,308.6166666666667,2,3,3,233,At Risk,Medium Value
14476,257,1,193.0,110,193.0,1,1,1,111,Lost Customers,Low Value
14477,20,4,1309.6,720,327.4,4,4,4,444,Champions,High Value
14479,254,2,316.25,117,158.125,1,3,2,132,At Risk,Medium Value
14480,11,1,279.05,143,279.05,5,1,2,512,New Customers,Medium Value
14481,165,2,636.51,489,318.255,2,3,3,233,At Risk,Medium Value
14482,18,6,2022.81,1627,337.135,4,5,4,454,Champions,High Value
14483,282,1,137.1,97,137.1,1,1,1,111,Lost Customers,Low Value
14484,50,1,321.92,210,321.92,3,1,2,312,Regular Customers,Medium Value
14485,39,1,162.8,70,162.8,3,1,1,311,Regular Customers,Low Value
14487,27,6,1165.48,712,194.24666666666667,4,5,4,454,Champions,High Value
14488,68,1,1064.28,799,1064.28,3,1,4,314,Big Spenders,High Value
14489,207,1,463.38,299,463.38,1,1,2,112,Lost Customers,Medium Value
14491,175,2,340.93,139,170.465,2,3,2,232,At Risk,Medium Value
14493,7,5,2383.2400000000002,1285,476.648,5,4,5,545,Champions,High Value
14494,26,1,139.56,92,139.56,4,1,1,411,New Customers,Low Value
14495,51,2,123.80000000000001,62,61.900000000000006,3,3,1,331,Regular Customers,Low Value
14496,312,2,538.8100000000001,159,269.40500000000003,1,3,3,133,At Risk,Medium Value
14497,309,1,475.37,235,475.37,1,1,2,112,Lost Customers,Medium Value
14498,43,5,1957.32,1098,391.464,3,4,4,344,Loyal Customers,High Value
14499,26,3,808.44,496,269.48,4,3,3,433,Potential Loyalists,Medium Value
14500,88,3,356.85,117,118.95,2,3,2,232,At Risk,Medium Value
14501,184,2,251.21,161,125.605,1,3,2,132,At Risk,Medium Value
14502,20,11,2429.83,1480,220.89363636363635,4,5,5,455,Champions,High Value
14503,3,6,3543.26,2004,590.5433333333334,5,5,5,555,Champions,High Value
14504,47,4,673.26,308,168.315,3,4,3,343,Loyal Customers,Medium Value
14505,17,8,5859.43,2739,732.42875,4,5,5,455,Champions,Very High Value
14506,17,5,1960.65,704,392.13,4,4,4,444,Champions,High Value
14507,24,6,1367.88,594,227.98000000000002,4,5,4,454,Champions,High Value
14508,22,2,268.05,129,134.025,4,3,2,432,Potential Loyalists,Medium Value
14511,11,5,1314.81,784,262.962,5,4,4,544,Champions,High Value
14512,188,2,275.28,122,137.64,1,3,2,132,At Risk,Medium Value
14513,101,3,455.59000000000003,361,151.86333333333334,2,3,2,232,At Risk,Medium Value
14514,61,3,990.2,564,330.06666666666666,3,3,4,334,Big Spenders,Medium Value
14515,18,6,2076.89,1110,346.1483333333333,4,5,5,455,Champions,High Value
14517,33,2,330.45,91,165.225,3,3,2,332,Regular Customers,Medium Value
14518,64,1,174.37,278,174.37,3,1,1,311,Regular Customers,Low Value
14520,2,2,270.6,146,135.3,5,3,2,532,Potential Loyalists,Medium Value
14522,24,4,974.54,525,243.635,4,4,4,444,Champions,Medium Value
14523,108,1,241.09,251,241.09,2,1,1,211,Lost Customers,Low Value
14524,32,9,1843.83,669,204.87,4,5,4,454,Champions,High Value
14525,20,9,4215.9,2637,468.4333333333333,4,5,5,455,Champions,High Value
14527,3,55,8507.13,2088,154.6750909090909,5,5,5,555,Champions,Very High Value
14528,37,1,364.22,278,364.22,3,1,2,312,Regular Customers,Medium Value
14529,60,3,578.61,325,192.87,3,3,3,333,Regular Customers,Medium Value
14530,26,6,2862.11,1395,477.0183333333334,4,5,5,455,Champions,High Value
14532,236,4,932.85,284,233.2125,1,4,3,143,At Risk,Medium Value
14533,25,7,1949.72,4019,278.5314285714286,4,5,4,454,Champions,High Value
14534,3,18,4397.3,2027,244.29444444444445,5,5,5,555,Champions,High Value
14535,60,3,2854.84,1824,951.6133333333333,3,3,5,335,Big Spenders,High Value
14536,260,1,170.95,39,170.95,1,1,1,111,Lost Customers,Low Value
14537,58,1,355.56,120,355.56,3,1,2,312,Regular Customers,Medium Value
14538,65,2,388.25,155,194.125,3,3,2,332,Regular Customers,Medium Value
14539,16,2,537.48,428,268.74,4,3,3,433,Potential Loyalists,Medium Value
14540,10,3,952.6600000000001,411,317.55333333333334,5,3,4,534,Potential Loyalists,Medium Value
14541,59,8,1453.3500000000001,641,181.66875000000002,3,5,4,354,Loyal Customers,High Value
14542,186,1,103.25,19,103.25,1,1,1,111,Lost Customers,Low Value
14543,29,16,3599.73,675,224.983125,4,5,5,455,Champions,High Value
14544,24,2,2004.3,1536,1002.15,4,3,4,434,Potential Loyalists,High Value
14546,5,5,2573.93,1313,514.786,5,4,5,545,Champions,High Value
14547,4,8,3974.75,2639,496.84375,5,5,5,555,Champions,High Value
14548,151,2,652.8,256,326.4,2,3,3,233,At Risk,Medium Value
14549,311,1,289.24,136,289.24,1,1,2,112,Lost Customers,Medium Value
14550,11,2,757.37,389,378.685,5,3,3,533,Potential Loyalists,Medium Value
14551,18,2,186.23,106,93.115,4,3,1,431,Regular Customers,Low Value
14552,152,1,164.22,90,164.22,2,1,1,211,Lost Customers,Low Value
14553,19,5,859.27,493,171.85399999999998,4,4,3,443,Loyal Customers,Medium Value
14554,10,4,2279.4900000000002,1443,569.8725000000001,5,4,5,545,Champions,High Value
14555,57,2,312.54,122,156.27,3,3,2,332,Regular Customers,Medium Value
14557,85,1,788.38,510,788.38,2,1,3,213,Lost Customers,Medium Value
14560,7,22,2237.77,1260,101.71681818181818,5,5,5,555,Champions,High Value
14561,76,3,1080.76,1014,360.25333333333333,2,3,4,234,Big Spenders,High Value
14562,4,18,5006.77,1815,278.1538888888889,5,5,5,555,Champions,Very High Value
14565,96,4,3099.12,1540,774.78,2,4,5,245,At Risk,High Value
14566,111,1,1432.0,800,1432.0,2,1,4,214,Big Spenders,High Value
14567,57,2,1530.3600000000001,412,765.1800000000001,3,3,4,334,Big Spenders,High Value
14569,1,1,227.39000000000001,79,227.39000000000001,5,1,1,511,New Customers,Low Value
14570,281,2,218.06,95,109.03,1,3,1,131,At Risk,Low Value
14572,3,7,2804.54,1420,400.6485714285714,5,5,5,555,Champions,High Value
14573,180,9,1639.82,534,182.20222222222222,1,5,4,154,At Risk,High Value
14576,372,1,35.400000000000006,12,35.400000000000006,1,1,1,111,Lost Customers,Low Value
14577,13,4,859.71,353,214.9275,5,4,3,543,Loyal Customers,Medium Value
14578,3,1,168.63,240,168.63,5,1,1,511,New Customers,Low Value
14581,17,1,138.6,217,138.6,4,1,1,411,New Customers,Low Value
14582,41,1,114.11000000000001,73,114.11000000000001,3,1,1,311,Regular Customers,Low Value
14583,6,5,986.96,751,197.392,5,4,4,544,Champions,Medium Value
14584,169,4,1033.06,381,258.265,2,4,4,244,At Risk,High Value
14585,50,1,157.05,91,157.05,3,1,1,311,Regular Customers,Low Value
14586,277,1,237.35999999999999,444,237.35999999999999,1,1,1,111,Lost Customers,Low Value
14587,19,9,1580.29,749,175.58777777777777,4,5,4,454,Champions,High Value
14589,372,1,39.75,5,39.75,1,1,1,111,Lost Customers,Low Value
14591,15,4,1320.21,1228,330.0525,4,4,4,444,Champions,High Value
14592,35,3,557.94,407,185.98000000000002,3,3,3,333,Regular Customers,Medium Value
14593,22,3,617.15,330,205.71666666666667,4,3,3,433,Potential Loyalists,Medium Value
14594,7,2,363.33,183,181.665,5,3,2,532,Potential Loyalists,Medium Value
14595,20,6,1740.6000000000001,978,290.1,4,5,4,454,Champions,High Value
14597,11,2,866.24,566,433.12,5,3,3,533,Potential Loyalists,Medium Value
14598,44,1,221.97,189,221.97,3,1,1,311,Regular Customers,Low Value
14600,306,1,393.33,125,393.33,1,1,2,112,Lost Customers,Medium Value
14601,11,1,213.96,168,213.96,5,1,1,511,New Customers,Low Value
14603,275,1,660.0,400,660.0,1,1,3,113,Lost Customers,Medium Value
14606,1,93,12076.15,6187,129.8510752688172,5,5,5,555,Champions,Very High Value
14607,16,14,16209.5,11526,1157.8214285714287,4,5,5,455,Champions,Very High Value
14608,4,4,1785.15,437,446.2875,5,4,4,544,Champions,High Value
14609,72,4,601.56,7026,150.39,2,4,3,243,At Risk,Medium Value
14616,243,3,406.08000000000004,104,135.36,1,3,2,132,At Risk,Medium Value
14618,9,3,553.4399999999999,264,184.48,5,3,3,533,Potential Loyalists,Medium Value
14619,246,1,394.44,152,394.44,1,1,2,112,Lost Customers,Medium Value
14620,206,2,412.78000000000003,214,206.39000000000001,1,3,2,132,At Risk,Medium Value
14621,1,5,1788.3600000000001,993,357.672,5,4,4,544,Champions,High Value
14622,185,1,320.58000000000004,146,320.58000000000004,1,1,2,112,Lost Customers,Medium Value
14623,32,5,886.7,418,177.34,4,4,3,443,Loyal Customers,Medium Value
14624,57,2,225.85,162,112.925,3,3,1,331,Regular Customers,Low Value
14625,196,2,899.63,335,449.815,1,3,3,133,At Risk,Medium Value
14626,24,4,2791.27,1403,697.8175,4,4,5,445,Champions,High Value
14628,91,2,671.96,272,335.98,2,3,3,233,At Risk,Medium Value
14629,4,2,955.26,378,477.63,5,3,4,534,Potential Loyalists,Medium Value
14631,51,3,1006.98,622,335.66,3,3,4,334,Big Spenders,High Value
14632,263,1,114.56,96,114.56,1,1,1,111,Lost Customers,Low Value
14633,266,1,344.90000000000003,96,344.90000000000003,1,1,2,112,Lost Customers,Medium Value
14636,36,2,609.85,241,304.925,3,3,3,333,Regular Customers,Medium Value
14638,51,1,443.6,166,443.6,3,1,2,312,Regular Customers,Medium Value
14639,52,6,2984.4900000000002,1431,497.415,3,5,5,355,Loyal Customers,High Value
14640,24,6,2107.38,880,351.23,4,5,5,455,Champions,High Value
14641,22,1,110.46000000000001,90,110.46000000000001,4,1,1,411,New Customers,Low Value
14642,59,1,96.12,76,96.12,3,1,1,311,Regular Customers,Low Value
14643,170,2,693.8100000000001,815,346.90500000000003,2,3,3,233,At Risk,Medium Value
14644,68,2,830.76,258,415.38,3,3,3,333,Regular Customers,Medium Value
14645,157,2,597.09,381,298.545,2,3,3,233,At Risk,Medium Value
14646,2,73,280206.02,196915,3838.4386301369864,5,5,5,555,Champions,Very High Value
14647,201,1,236.04000000000002,91,236.04000000000002,1,1,1,111,Lost Customers,Low Value
14649,5,4,1402.59,1004,350.6475,5,4,4,544,Champions,High Value
14651,67,2,653.75,343,326.875,3,3,3,333,Regular Customers,Medium Value
14652,77,1,114.18,53,114.18,2,1,1,211,Lost Customers,Low Value
14653,1,7,1926.65,945,275.2357142857143,5,5,4,554,Champions,High Value
14655,8,4,1932.23,1089,483.0575,5,4,4,544,Champions,High Value
14656,169,2,291.05,120,145.525,2,3,2,232,At Risk,Medium Value
14657,18,4,848.22,466,212.055,4,4,3,443,Loyal Customers,Medium Value
14658,5,2,247.15,47,123.575,5,3,1,531,Regular Customers,Low Value
14659,9,9,2529.93,1195,281.1033333333333,5,5,5,555,Champions,High Value
14660,87,2,285.74,228,142.87,2,3,2,232,At Risk,Medium Value
14661,27,1,107.95,35,107.95,4,1,1,411,New Customers,Low Value
14662,29,4,741.37,578,185.3425,4,4,3,443,Loyal Customers,Medium Value
14664,20,2,636.24,465,318.12,4,3,3,433,Potential Loyalists,Medium Value
14665,61,5,1835.7,740,367.14,3,4,4,344,Loyal Customers,High Value
14666,24,1,195.25,161,195.25,4,1,1,411,New Customers,Low Value
14667,11,25,9175.04,5319,367.00160000000005,5,5,5,555,Champions,Very High Value
14669,242,3,1259.24,770,419.74666666666667,1,3,4,134,Big Spenders,High Value
14670,280,2,392.86,326,196.43,1,3,2,132,At Risk,Medium Value
14672,235,2,765.5500000000001,454,382.77500000000003,1,3,3,133,At Risk,Medium Value
14673,3,5,1736.4,1004,347.28000000000003,5,4,4,544,Champions,High Value
14675,16,1,596.36,336,596.36,4,1,3,413,New Customers,Medium Value
14676,31,6,2548.2400000000002,2500,424.7066666666667,4,5,5,455,Champions,High Value
14680,25,16,28754.11,13476,1797.131875,4,5,5,455,Champions,Very High Value
14681,71,3,498.95,76,166.31666666666666,3,3,3,333,Regular Customers,Medium Value
14682,188,2,52.0,80,26.0,1,3,1,131,At Risk,Low Value
14684,26,5,1201.51,821,240.302,4,4,4,444,Champions,High Value
14687,107,1,628.38,470,628.38,2,1,3,213,Lost Customers,Medium Value
14688,8,21,5579.1,3584,265.6714285714286,5,5,5,555,Champions,Very High Value
14689,209,1,112.8,76,112.8,1,1,1,111,Lost Customers,Low Value
14690,44,2,355.05,167,177.525,3,3,2,332,Regular Customers,Medium Value
14691,31,5,2114.33,707,422.866,4,4,5,445,Champions,High Value
14692,137,4,591.55,265,147.8875,2,4,3,243,At Risk,Medium Value
14693,265,1,172.9,34,172.9,1,1,1,111,Lost Customers,Low Value
14696,4,7,2078.95,1630,296.99285714285713,5,5,5,555,Champions,High Value
14697,218,2,188.61,181,94.305,1,3,1,131,At Risk,Low Value
14698,2,5,1217.27,602,243.454,5,4,4,544,Champions,High Value
14699,214,1,109.13,77,109.13,1,1,1,111,Lost Customers,Low Value
14700,32,3,2195.1,1314,731.6999999999999,4,3,5,435,Potential Loyalists,High Value
14701,11,9,2526.09,921,280.6766666666667,5,5,5,555,Champions,High Value
14702,1,17,3251.79,1439,191.28176470588235,5,5,5,555,Champions,High Value
14703,15,1,318.17,183,318.17,4,1,2,412,New Customers,Medium Value
14704,11,9,1493.96,1043,165.99555555555557,5,5,4,554,Champions,High Value
14705,199,1,179.0,100,179.0,1,1,1,111,Lost Customers,Low Value
14708,3,3,1126.3700000000001,621,375.4566666666667,5,3,4,534,Potential Loyalists,High Value
14709,15,13,4921.04,2484,378.54153846153844,4,5,5,455,Champions,High Value
14710,14,4,599.48,375,149.87,4,4,3,443,Loyal Customers,Medium Value
14711,10,11,2839.62,966,258.1472727272727,5,5,5,555,Champions,High Value
14712,29,3,917.07,315,305.69,4,3,3,433,Potential Loyalists,Medium Value
14713,9,11,2662.2,1613,242.0181818181818,5,5,5,555,Champions,High Value
14714,24,1,160.19,229,160.19,4,1,1,411,New Customers,Low Value
14715,25,4,867.38,521,216.845,4,4,3,443,Loyal Customers,Medium Value
14716,43,2,307.51,495,153.755,3,3,2,332,Regular Customers,Medium Value
14719,2,5,1581.84,1025,316.368,5,4,4,544,Champions,High Value
14720,6,3,663.81,219,221.26999999999998,5,3,3,533,Potential Loyalists,Medium Value
14722,147,1,180.42,118,180.42,2,1,1,211,Lost Customers,Low Value
14723,10,6,1122.3600000000001,673,187.06000000000003,5,5,4,554,Champions,High Value
14725,25,1,655.58,588,655.58,4,1,3,413,New Customers,Medium Value
14727,274,1,268.58,62,268.58,1,1,2,112,Lost Customers,Medium Value
14729,374,1,313.49,197,313.49,1,1,2,112,Lost Customers,Medium Value
14730,1,8,1897.57,1078,237.19625,5,5,4,554,Champions,High Value
14731,47,3,380.02,256,126.67333333333333,3,3,2,332,Regular Customers,Medium Value
14732,8,8,2702.4900000000002,1405,337.81125000000003,5,5,5,555,Champions,High Value
14733,16,12,9585.91,3764,798.8258333333333,4,5,5,455,Champions,Very High Value
14735,4,32,6065.6900000000005,2264,189.55281250000002,5,5,5,555,Champions,Very High Value
14737,4,3,1164.55,345,388.18333333333334,5,3,4,534,Potential Loyalists,High Value
14738,43,7,1314.45,601,187.77857142857144,3,5,4,354,Loyal Customers,High Value
14739,4,7,3902.28,3820,557.4685714285714,5,5,5,555,Champions,High Value
14740,197,3,1448.21,735,482.7366666666667,1,3,4,134,Big Spenders,High Value
14741,12,6,1400.3400000000001,841,233.39000000000001,5,5,4,554,Champions,High Value
14744,16,7,1099.98,627,157.14000000000001,4,5,4,454,Champions,High Value
14745,113,5,1220.26,1038,244.052,2,4,4,244,At Risk,High Value
14747,249,1,328.2,84,328.2,1,1,2,112,Lost Customers,Medium Value
14748,29,5,1415.75,1223,283.15,4,4,4,444,Champions,High Value
14752,44,1,389.64000000000004,260,389.64000000000004,3,1,2,312,Regular Customers,Medium Value
14753,87,1,563.15,211,563.15,2,1,3,213,Lost Customers,Medium Value
14754,45,2,638.0500000000001,486,319.02500000000003,3,3,3,333,Regular Customers,Medium Value
14755,10,11,5010.28,2219,455.47999999999996,5,5,5,555,Champions,Very High Value
14756,15,1,738.96,416,738.96,4,1,3,413,New Customers,Medium Value
14757,75,1,420.5,160,420.5,2,1,2,212,Lost Customers,Medium Value
14758,145,4,1484.06,419,371.015,2,4,4,244,At Risk,High Value
14759,5,3,1625.97,569,541.99,5,3,4,534,Potential Loyalists,High Value
14760,297,1,89.2,40,89.2,1,1,1,111,Lost Customers,Low Value
14761,59,2,255.9,118,127.95,3,3,2,332,Regular Customers,Medium Value
14762,264,1,300.52,341,300.52,1,1,2,112,Lost Customers,Medium Value
14764,47,1,278.3,190,278.3,3,1,2,312,Regular Customers,Medium Value
14765,29,3,254.11,135,84.70333333333333,4,3,2,432,Potential Loyalists,Medium Value
14766,8,6,2473.37,1349,412.2283333333333,5,5,5,555,Champions,High Value
14768,17,2,192.60000000000002,52,96.30000000000001,4,3,1,431,Regular Customers,Low Value
14769,3,8,10416.98,7239,1302.1225,5,5,5,555,Champions,Very High Value
14770,232,2,876.4200000000001,490,438.21000000000004,1,3,3,133,At Risk,Medium Value
14772,112,1,139.26,82,139.26,2,1,1,211,Lost Customers,Low Value
14775,58,3,1011.9,1174,337.3,3,3,4,334,Big Spenders,High Value
14776,51,11,2538.2999999999997,3134,230.75454545454542,3,5,5,355,Loyal Customers,High Value
14778,127,2,730.86,306,365.43,2,3,3,233,At Risk,Medium Value
14779,281,3,386.15,84,128.71666666666667,1,3,2,132,At Risk,Medium Value
14780,55,2,447.68,310,223.84,3,3,2,332,Regular Customers,Medium Value
14782,320,1,200.10000000000002,114,200.10000000000002,1,1,1,111,Lost Customers,Low Value
14784,26,2,289.99,237,144.995,4,3,2,432,Potential Loyalists,Medium Value
14785,10,2,77.4,84,38.7,5,3,1,531,Regular Customers,Low Value
14788,7,2,679.44,421,339.72,5,3,3,533,Potential Loyalists,Medium Value
14789,29,1,197.64000000000001,116,197.64000000000001,4,1,1,411,New Customers,Low Value
14790,17,4,745.0600000000001,699,186.26500000000001,4,4,3,443,Loyal Customers,Medium Value
14792,64,1,6.2,2,6.2,3,1,1,311,Regular Customers,Low Value
14793,21,1,228.99,91,228.99,4,1,1,411,New Customers,Low Value
14794,3,7,1319.91,673,188.55857142857144,5,5,4,554,Champions,High Value
14795,166,1,131.45000000000002,17,131.45000000000002,2,1,1,211,Lost Customers,Low Value
14796,1,17,7975.49,5995,469.1464705882353,5,5,5,555,Champions,Very High Value
14798,53,3,173.74,150,57.913333333333334,3,3,1,331,Regular Customers,Low Value
14799,51,1,157.7,146,157.7,3,1,1,311,Regular Customers,Low Value
14800,48,12,4331.79,3644,360.9825,3,5,5,355,Loyal Customers,High Value
14801,61,1,189.34,173,189.34,3,1,1,311,Regular Customers,Low Value
14803,162,3,845.55,370,281.84999999999997,2,3,3,233,At Risk,Medium Value
14804,9,1,353.27,121,353.27,5,1,2,512,New Customers,Medium Value
14805,15,4,546.4,114,136.6,4,4,3,443,Loyal Customers,Medium Value
14806,75,1,193.39,330,193.39,2,1,1,211,Lost Customers,Low Value
14808,40,8,2718.6,2120,339.825,3,5,5,355,Loyal Customers,High Value
14810,41,11,2085.33,1015,189.57545454545453,3,5,5,355,Loyal Customers,High Value
14813,370,2,152.88,66,76.44,1,3,1,131,At Risk,Low Value
14815,37,2,778.5,744,389.25,3,3,3,333,Regular Customers,Medium Value
14816,197,1,271.85,5,271.85,1,1,2,112,Lost Customers,Medium Value
14817,200,2,1110.34,655,555.17,1,3,4,134,Big Spenders,High Value
14818,74,3,657.8,324,219.26666666666665,2,3,3,233,At Risk,Medium Value
14819,64,2,272.07,109,136.035,3,3,2,332,Regular Customers,Medium Value
14820,21,4,507.29,253,126.8225,4,4,3,443,Loyal Customers,Medium Value
14821,367,1,48.800000000000004,20,48.800000000000004,1,1,1,111,Lost Customers,Low Value
14823,180,3,321.43,88,107.14333333333333,1,3,2,132,At Risk,Medium Value
14824,10,4,1127.71,525,281.9275,5,4,4,544,Champions,High Value
14825,4,12,2221.01,989,185.08416666666668,5,5,5,555,Champions,High Value
14828,197,3,2139.76,2172,713.2533333333334,1,3,5,135,Big Spenders,High Value
14829,29,4,697.55,452,174.3875,4,4,3,443,Loyal Customers,Medium Value
14830,53,1,188.88,164,188.88,3,1,1,311,Regular Customers,Low Value
14834,18,6,1720.3,734,286.71666666666664,4,5,4,454,Champions,High Value
14836,10,3,102.45,45,34.15,5,3,1,531,Regular Customers,Low Value
14837,90,4,1649.5,1436,412.375,2,4,4,244,At Risk,High Value
14840,268,1,62.85,31,62.85,1,1,1,111,Lost Customers,Low Value
14841,53,6,3295.76,1778,549.2933333333334,3,5,5,355,Loyal Customers,High Value
14842,44,4,2824.69,1166,706.1725,3,4,5,345,Loyal Customers,High Value
14844,64,4,3189.81,1833,797.4525,3,4,5,345,Loyal Customers,High Value
14847,149,1,309.4,120,309.4,2,1,2,212,Lost Customers,Medium Value
14849,22,25,7930.54,5694,317.2216,4,5,5,455,Champions,Very High Value
14850,312,1,325.75,293,325.75,1,1,2,112,Lost Customers,Medium Value
14851,23,2,511.35,325,255.675,4,3,3,433,Potential Loyalists,Medium Value
14852,58,6,2836.69,1747,472.7816666666667,3,5,5,355,Loyal Customers,High Value
14853,24,2,475.79999999999995,82,237.89999999999998,4,3,2,432,Potential Loyalists,Medium Value
14854,78,7,2740.03,1820,391.4328571428572,2,5,5,255,At Risk,High Value
14855,119,2,645.65,267,322.825,2,3,3,233,At Risk,Medium Value
14856,36,3,1290.53,711,430.1766666666667,3,3,4,334,Big Spenders,High Value
14857,60,2,1173.1200000000001,464,586.5600000000001,3,3,4,334,Big Spenders,High Value
14859,13,4,1353.74,671,338.435,5,4,4,544,Champions,High Value
14860,19,1,170.32,232,170.32,4,1,1,411,New Customers,Low Value
14861,52,1,125.79,117,125.79,3,1,1,311,Regular Customers,Low Value
14862,26,2,841.2,772,420.6,4,3,3,433,Potential Loyalists,Medium Value
14863,29,1,266.76,132,266.76,4,1,2,412,New Customers,Medium Value
14865,7,2,52.2,108,26.1,5,3,1,531,Regular Customers,Low Value
14866,11,12,14389.9,6752,1199.1583333333333,5,5,5,555,Champions,Very High Value
14867,186,3,710.28,328,236.76,1,3,3,133,At Risk,Medium Value
14868,3,8,2953.59,1405,369.19875,5,5,5,555,Champions,High Value
14869,9,2,721.45,549,360.725,5,3,3,533,Potential Loyalists,Medium Value
14870,262,1,327.25,119,327.25,1,1,2,112,Lost Customers,Medium Value
14871,3,4,501.28000000000003,179,125.32000000000001,5,4,3,543,Loyal Customers,Medium Value
14873,210,1,519.68,168,519.68,1,1,3,113,Lost Customers,Medium Value
14875,108,2,1465.3200000000002,558,732.6600000000001,2,3,4,234,Big Spenders,High Value
14878,13,9,1476.09,799,164.01,5,5,4,554,Champions,High Value
14880,77,3,690.59,365,230.1966666666667,2,3,3,233,At Risk,Medium Value
14881,20,1,255.4,316,255.4,4,1,2,412,New Customers,Medium Value
14882,27,2,589.7,158,294.85,4,3,3,433,Potential Loyalists,Medium Value
14883,19,6,761.59,790,126.93166666666667,4,5,3,453,Loyal Customers,Medium Value
14885,132,1,765.32,724,765.32,2,1,3,213,Lost Customers,Medium Value
14886,253,1,364.8,160,364.8,1,1,2,112,Lost Customers,Medium Value
14887,79,1,1862.0,1100,1862.0,2,1,4,214,Big Spenders,High Value
14888,207,1,369.2,184,369.2,1,1,2,112,Lost Customers,Medium Value
14889,336,1,135.9,90,135.9,1,1,1,111,Lost Customers,Low Value
14890,254,1,125.65,51,125.65,1,1,1,111,Lost Customers,Low Value
14891,148,2,554.38,505,277.19,2,3,3,233,At Risk,Medium Value
14893,10,2,1237.8500000000001,799,618.9250000000001,5,3,4,534,Potential Loyalists,High Value
14894,85,1,655.75,265,655.75,2,1,3,213,Lost Customers,Medium Value
14895,8,20,11138.710000000001,4851,556.9355,5,5,5,555,Champions,Very High Value
14896,205,2,468.77000000000004,279,234.38500000000002,1,3,2,132,At Risk,Medium Value
14897,8,4,1366.38,468,341.595,5,4,4,544,Champions,High Value
14898,23,6,1269.31,1001,211.55166666666665,4,5,4,454,Champions,High Value
14901,11,9,1421.29,661,157.92111111111112,5,5,4,554,Champions,High Value
14902,26,1,332.66,218,332.66,4,1,2,412,New Customers,Medium Value
14903,21,5,2795.33,1531,559.066,4,4,5,445,Champions,High Value
14904,2,2,1025.44,1985,512.72,5,3,4,534,Potential Loyalists,High Value
14905,158,2,616.15,287,308.075,2,3,3,233,At Risk,Medium Value
14907,3,7,3501.1,1691,500.15714285714284,5,5,5,555,Champions,High Value
14908,74,1,277.8,132,277.8,2,1,2,212,Lost Customers,Medium Value
14910,3,4,434.35,238,108.5875,5,4,2,542,Potential Loyalists,Medium Value
14911,1,201,143711.17,80240,714.980945273632,5,5,5,555,Champions,Very High Value
14912,17,2,867.85,971,433.925,4,3,3,433,Potential Loyalists,Medium Value
14913,36,4,1227.43,1743,306.8575,3,4,4,344,Loyal Customers,High Value
14915,91,2,307.48,112,153.74,2,3,2,232,At Risk,Medium Value
14916,71,4,1268.98,1136,317.245,3,4,4,344,Loyal Customers,High Value
14918,116,2,1610.15,675,805.075,2,3,4,234,Big Spenders,High Value
14920,213,2,977.77,509,488.885,1,3,4,134,Big Spenders,Medium Value
14921,30,2,1316.07,953,658.035,4,3,4,434,Potential Loyalists,High Value
14923,51,1,749.1,418,749.1,3,1,3,313,Regular Customers,Medium Value
14924,246,1,310.05,64,310.05,1,1,2,112,Lost Customers,Medium Value
14929,32,1,223.88,136,223.88,4,1,1,411,New Customers,Low Value
14930,109,3,2362.96,1160,787.6533333333333,2,3,5,235,Big Spenders,High Value
14931,5,5,1257.68,417,251.536,5,4,4,544,Champions,High Value
14932,366,1,363.53,80,363.53,1,1,2,112,Lost Customers,Medium Value
14934,82,2,1890.94,1042,945.47,2,3,4,234,Big Spenders,High Value
14935,297,1,1784.71,935,1784.71,1,1,4,114,Big Spenders,High Value
14936,34,8,8137.02,4085,1017.1275,3,5,5,355,Loyal Customers,Very High Value
14937,57,3,1621.88,484,540.6266666666667,3,3,4,334,Big Spenders,High Value
14944,30,12,5900.25,2815,491.6875,4,5,5,455,Champions,Very High Value
14946,14,1,100.9,22,100.9,4,1,1,411,New Customers,Low Value
14947,72,2,290.82,179,145.41,2,3,2,232,At Risk,Medium Value
14948,23,6,1101.97,673,183.66166666666666,4,5,4,454,Champions,High Value
14950,19,1,371.2,136,371.2,4,1,2,412,New Customers,Medium Value
14951,79,1,311.69,311,311.69,2,1,2,212,Lost Customers,Medium Value
14952,60,11,8099.49,3355,736.3172727272727,3,5,5,355,Loyal Customers,Very High Value
14953,25,1,285.67,224,285.67,4,1,2,412,New Customers,Medium Value
14954,12,1,294.85,117,294.85,5,1,2,512,New Customers,Medium Value
14957,253,1,58.49,34,58.49,1,1,1,111,Lost Customers,Low Value
14958,147,3,483.73,128,161.24333333333334,2,3,2,232,At Risk,Medium Value
14959,64,4,695.42,494,173.855,3,4,3,343,Loyal Customers,Medium Value
14960,8,2,221.27,221,110.635,5,3,1,531,Regular Customers,Low Value
14961,11,9,7044.68,3708,782.7422222222223,5,5,5,555,Champions,Very High Value
14962,271,1,126.7,44,126.7,1,1,1,111,Lost Customers,Low Value
14963,10,5,1472.34,1159,294.46799999999996,5,4,4,544,Champions,High Value
14964,247,1,206.21,143,206.21,1,1,1,111,Lost Customers,Low Value
14965,96,2,596.09,363,298.045,2,3,3,233,At Risk,Medium Value
14966,15,1,183.02,179,183.02,4,1,1,411,New Customers,Low Value
14967,50,1,463.8,140,463.8,3,1,2,312,Regular Customers,Medium Value
14968,30,1,147.59,127,147.59,4,1,1,411,New Customers,Low Value
14970,68,4,1592.06,250,398.015,3,4,4,344,Loyal Customers,High Value
14971,35,3,1097.98,639,365.99333333333334,3,3,4,334,Big Spenders,High Value
14972,128,1,114.77,28,114.77,2,1,1,211,Lost Customers,Low Value
14973,107,3,1314.45,369,438.15000000000003,2,3,4,234,Big Spenders,High Value
14974,37,1,89.94,37,89.94,3,1,1,311,Regular Customers,Low Value
14975,57,1,279.94,380,279.94,3,1,2,312,Regular Customers,Medium Value
14976,57,7,790.86,234,112.98,3,5,3,353,Loyal Customers,Medium Value
14978,72,5,1921.3700000000001,523,384.274,2,4,4,244,At Risk,High Value
14981,246,1,102.12,97,102.12,1,1,1,111,Lost Customers,Low Value
14984,19,2,202.37,58,101.185,4,3,1,431,Regular Customers,Low Value
14985,198,2,292.01,256,146.005,1,3,2,132,At Risk,Medium Value
14987,16,2,326.4,128,163.2,4,3,2,432,Potential Loyalists,Medium Value
14988,212,1,334.54,141,334.54,1,1,2,112,Lost Customers,Medium Value
14995,39,2,231.98,102,115.99,3,3,1,331,Regular Customers,Low Value
14997,46,3,546.1999999999999,1120,182.06666666666663,3,3,3,333,Regular Customers,Medium Value
14998,170,2,414.87,258,207.435,2,3,2,232,At Risk,Medium Value
15000,48,1,490.52,218,490.52,3,1,3,313,Regular Customers,Medium Value
15002,116,4,1641.76,862,410.44,2,4,4,244,At Risk,High Value
15004,147,1,1220.77,623,1220.77,2,1,4,214,Big Spenders,High Value
15005,16,28,6295.37,4230,224.83464285714285,4,5,5,455,Champions,Very High Value
15006,51,1,480.38,286,480.38,3,1,2,312,Regular Customers,Medium Value
15007,159,1,156.91,69,156.91,2,1,1,211,Lost Customers,Low Value
15009,12,3,1259.43,639,419.81,5,3,4,534,Potential Loyalists,High Value
15010,36,1,308.94,184,308.94,3,1,2,312,Regular Customers,Medium Value
15012,54,2,405.04,225,202.52,3,3,2,332,Regular Customers,Medium Value
15014,43,2,257.67,149,128.835,3,3,2,332,Regular Customers,Medium Value
15016,173,1,170.04,76,170.04,2,1,1,211,Lost Customers,Low Value
15017,34,1,125.58,63,125.58,3,1,1,311,Regular Customers,Low Value
15018,39,3,496.21,189,165.40333333333334,3,3,3,333,Regular Customers,Medium Value
15019,267,1,252.81,150,252.81,1,1,2,112,Lost Customers,Medium Value
15021,9,9,1871.77,819,207.97444444444443,5,5,4,554,Champions,High Value
15022,12,4,852.39,527,213.0975,5,4,3,543,Loyal Customers,Medium Value
15023,3,11,6720.41,2827,610.9463636363636,5,5,5,555,Champions,Very High Value
15024,10,10,1636.43,902,163.643,5,5,4,554,Champions,High Value
15025,33,1,361.96,184,361.96,3,1,2,312,Regular Customers,Medium Value
15026,80,3,469.0,285,156.33333333333334,2,3,2,232,At Risk,Medium Value
15027,31,4,1066.15,565,266.5375,4,4,4,444,Champions,High Value
15028,8,4,627.13,459,156.7825,5,4,3,543,Loyal Customers,Medium Value
15030,72,2,518.28,372,259.14,2,3,3,233,At Risk,Medium Value
15031,4,4,653.1899999999999,400,163.29749999999999,5,4,3,543,Loyal Customers,Medium Value
15032,256,3,4959.1,2968,1653.0333333333335,1,3,5,135,Big Spenders,High Value
15033,5,10,2557.18,1672,255.718,5,5,5,555,Champions,High Value
15034,16,8,4274.16,2413,534.27,4,5,5,455,Champions,High Value
15035,90,1,252.73000000000002,245,252.73000000000002,2,1,2,212,Lost Customers,Medium Value
15036,72,3,429.56,316,143.18666666666667,2,3,2,232,At Risk,Medium Value
15038,59,6,685.74,212,114.29,3,5,3,353,Loyal Customers,Medium Value
15039,10,47,19766.59,9131,420.5657446808511,5,5,5,555,Champions,Very High Value
15041,170,1,179.93,103,179.93,2,1,1,211,Lost Customers,Low Value
15042,199,1,135.93,30,135.93,1,1,1,111,Lost Customers,Low Value
15043,31,1,537.0,300,537.0,4,1,3,413,New Customers,Medium Value
15044,19,17,7634.7300000000005,2785,449.1017647058824,4,5,5,455,Champions,Very High Value
15045,152,2,735.66,114,367.83,2,3,3,233,At Risk,Medium Value
15046,9,15,5090.42,3372,339.36133333333333,5,5,5,555,Champions,Very High Value
15047,270,1,343.62,222,343.62,1,1,2,112,Lost Customers,Medium Value
15048,65,4,381.0,192,95.25,3,4,2,342,Regular Customers,Medium Value
15049,274,1,121.17000000000002,63,121.17000000000002,1,1,1,111,Lost Customers,Low Value
15050,25,3,1737.69,1216,579.23,4,3,4,434,Potential Loyalists,High Value
15051,23,3,1383.36,1010,461.11999999999995,4,3,4,434,Potential Loyalists,High Value
15052,319,1,207.73,79,207.73,1,1,1,111,Lost Customers,Low Value
15053,5,3,693.9499999999999,984,231.31666666666663,5,3,3,533,Potential Loyalists,Medium Value
15054,12,2,302.1,198,151.05,5,3,2,532,Potential Loyalists,Medium Value
15057,275,2,1489.5,668,744.75,1,3,4,134,Big Spenders,High Value
15058,25,11,2102.54,1054,191.14,4,5,5,455,Champions,High Value
15059,41,9,1337.72,604,148.63555555555556,3,5,4,354,Loyal Customers,High Value
15060,8,4,294.25,257,73.5625,5,4,2,542,Potential Loyalists,Medium Value
15061,4,48,54534.14,28920,1136.1279166666666,5,5,5,555,Champions,Very High Value
15062,71,4,987.86,763,246.965,3,4,4,344,Loyal Customers,Medium Value
15063,213,1,370.8,56,370.8,1,1,2,112,Lost Customers,Medium Value
15065,38,4,3158.13,1383,789.5325,3,4,5,345,Loyal Customers,High Value
15066,53,1,893.59,317,893.59,3,1,3,313,Regular Customers,Medium Value
15067,78,3,1744.76,954,581.5866666666667,2,3,4,234,Big Spenders,High Value
15068,46,2,553.36,364,276.68,3,3,3,333,Regular Customers,Medium Value
15069,179,1,1109.53,520,1109.53,1,1,4,114,Big Spenders,High Value
15070,373,1,106.2,36,106.2,1,1,1,111,Lost Customers,Low Value
15071,94,2,982.07,269,491.035,2,3,4,234,Big Spenders,Medium Value
15073,10,3,1043.41,491,347.80333333333334,5,3,4,534,Potential Loyalists,High Value
15074,105,1,735.67,431,735.67,2,1,3,213,Lost Customers,Medium Value
15075,78,1,773.03,447,773.03,2,1,3,213,Lost Customers,Medium Value
15076,173,1,880.85,571,880.85,2,1,3,213,Lost Customers,Medium Value
15078,7,32,9743.11,5105,304.4721875,5,5,5,555,Champions,Very High Value
15079,213,4,895.61,389,223.9025,1,4,3,143,At Risk,Medium Value
15081,22,5,504.8,190,100.96000000000001,4,4,3,443,Loyal Customers,Medium Value
15083,257,1,88.2,38,88.2,1,1,1,111,Lost Customers,Low Value
15087,282,1,306.94,470,306.94,1,1,2,112,Lost Customers,Medium Value
15088,21,2,1160.07,460,580.035,4,3,4,434,Potential Loyalists,High Value
15089,10,6,2420.84,1359,403.47333333333336,5,5,5,555,Champions,High Value
15090,308,1,381.32,208,381.32,1,1,2,112,Lost Customers,Medium Value
15091,68,1,480.71,346,480.71,3,1,2,312,Regular Customers,Medium Value
15092,215,2,457.81,135,228.905,1,3,2,132,At Risk,Medium Value
15093,18,6,4597.02,3760,766.1700000000001,4,5,5,455,Champions,High Value
15095,104,4,1370.6000000000001,1079,342.65000000000003,2,4,4,244,At Risk,High Value
15096,43,1,219.39000000000001,120,219.39000000000001,3,1,1,311,Regular Customers,Low Value
15097,4,1,248.08,170,248.08,5,1,1,511,New Customers,Low Value
15098,182,3,39916.5,121,13305.5,1,3,5,135,Big Spenders,Very High Value
15099,84,1,410.48,343,410.48,2,1,2,212,Lost Customers,Medium Value
15100,334,3,876.0,80,292.0,1,3,3,133,At Risk,Medium Value
15101,9,2,317.53000000000003,241,158.76500000000001,5,3,2,532,Potential Loyalists,Medium Value
15103,31,2,703.36,329,351.68,4,3,3,433,Potential Loyalists,Medium Value
15104,197,2,993.54,635,496.77,1,3,4,134,Big Spenders,Medium Value
15105,18,7,2298.93,1211,328.4185714285714,4,5,5,455,Champions,High Value
15106,18,5,1422.52,1181,284.504,4,4,4,444,Champions,High Value
15107,311,6,319.5,169,53.25,1,5,2,152,At Risk,Medium Value
15108,142,4,1300.25,499,325.0625,2,4,4,244,At Risk,High Value
15109,246,1,484.95,131,484.95,1,1,2,112,Lost Customers,Medium Value
15110,24,4,996.1,246,249.025,4,4,4,444,Champions,Medium Value
15111,29,3,1567.48,710,522.4933333333333,4,3,4,434,Potential Loyalists,High Value
15113,10,3,3509.43,2344,1169.81,5,3,5,535,Potential Loyalists,High Value
15114,30,10,2760.56,3096,276.056,4,5,5,455,Champions,High Value
15115,18,1,340.11,157,340.11,4,1,2,412,New Customers,Medium Value
15116,18,4,1352.75,648,338.1875,4,4,4,444,Champions,High Value
15117,15,5,1551.78,1948,310.356,4,4,4,444,Champions,High Value
15118,134,1,244.8,1440,244.8,2,1,1,211,Lost Customers,Low Value
15119,246,1,266.4,88,266.4,1,1,2,112,Lost Customers,Medium Value
15120,134,1,358.82,296,358.82,2,1,2,212,Lost Customers,Medium Value
15121,50,2,457.71999999999997,199,228.85999999999999,3,3,2,332,Regular Customers,Medium Value
15122,114,3,1633.78,800,544.5933333333334,2,3,4,234,Big Spenders,High Value
15123,7,2,2199.31,1195,1099.655,5,3,5,535,Potential Loyalists,High Value
15124,23,2,184.19,233,92.095,4,3,1,431,Regular Customers,Low Value
15125,25,15,11528.48,6193,768.5653333333333,4,5,5,455,Champions,Very High Value
15127,66,1,406.53000000000003,251,406.53000000000003,3,1,2,312,Regular Customers,Medium Value
15128,60,4,1471.0,1343,367.75,3,4,4,344,Loyal Customers,High Value
15129,50,11,3447.4,1794,313.40000000000003,3,5,5,355,Loyal Customers,High Value
15130,170,1,330.11,197,330.11,2,1,2,212,Lost Customers,Medium Value
15132,18,5,977.9300000000001,679,195.586,4,4,4,444,Champions,Medium Value
15133,128,3,982.42,680,327.4733333333333,2,3,4,234,Big Spenders,Medium Value
15134,15,8,1387.99,887,173.49875,4,5,4,454,Champions,High Value
15135,239,1,139.05,43,139.05,1,1,1,111,Lost Customers,Low Value
15136,3,4,1286.7,776,321.675,5,4,4,544,Champions,High Value
15139,240,2,178.96,208,89.48,1,3,1,131,At Risk,Low Value
15140,52,7,2354.25,1572,336.32142857142856,3,5,5,355,Loyal Customers,High Value
15142,46,1,498.74,365,498.74,3,1,3,313,Regular Customers,Medium Value
15143,226,1,259.45,150,259.45,1,1,2,112,Lost Customers,Medium Value
15144,8,17,6580.4400000000005,3050,387.084705882353,5,5,5,555,Champions,Very High Value
15145,4,4,1194.73,756,298.6825,5,4,4,544,Champions,High Value
15146,165,2,1327.16,1473,663.58,2,3,4,234,Big Spenders,High Value
15147,240,1,623.5,366,623.5,1,1,3,113,Lost Customers,Medium Value
15148,11,1,301.29,187,301.29,5,1,2,512,New Customers,Medium Value
15149,134,1,520.8000000000001,128,520.8000000000001,2,1,3,213,Lost Customers,Medium Value
15150,17,10,5291.33,3642,529.133,4,5,5,455,Champions,Very High Value
15152,10,13,4745.69,2704,365.0530769230769,5,5,5,555,Champions,High Value
15153,31,1,329.25,198,329.25,4,1,2,412,New Customers,Medium Value
15154,75,1,254.28,89,254.28,2,1,2,212,Lost Customers,Medium Value
15156,1,3,961.49,597,320.49666666666667,5,3,4,534,Potential Loyalists,Medium Value
15157,4,3,1936.07,2392,645.3566666666667,5,3,4,534,Potential Loyalists,High Value
15158,45,1,401.40000000000003,198,401.40000000000003,3,1,2,312,Regular Customers,Medium Value
15159,2,30,18641.010000000002,11441,621.3670000000001,5,5,5,555,Champions,Very High Value
15160,357,1,158.16,84,158.16,1,1,1,111,Lost Customers,Low Value
15163,18,2,304.47,186,152.235,4,3,2,432,Potential Loyalists,Medium Value
15164,69,3,824.58,351,274.86,3,3,3,333,Regular Customers,Medium Value
15165,373,1,487.75,160,487.75,1,1,3,113,Lost Customers,Medium Value
15167,321,1,158.8,65,158.8,1,1,1,111,Lost Customers,Low Value
15168,26,1,106.56,52,106.56,4,1,1,411,New Customers,Low Value
15171,331,1,1289.5,290,1289.5,1,1,4,114,Big Spenders,High Value
15172,9,5,1624.05,1611,324.81,5,4,4,544,Champions,High Value
15174,323,1,135.75,145,135.75,1,1,1,111,Lost Customers,Low Value
15175,72,1,224.14,454,224.14,2,1,1,211,Lost Customers,Low Value
15178,260,1,40.5,30,40.5,1,1,1,111,Lost Customers,Low Value
15179,18,5,2206.95,1938,441.39,4,4,5,445,Champions,High Value
15180,367,1,87.5,36,87.5,1,1,1,111,Lost Customers,Low Value
15181,66,3,689.48,544,229.82666666666668,3,3,3,333,Regular Customers,Medium Value
15182,154,2,622.85,253,311.425,2,3,3,233,At Risk,Medium Value
15184,29,2,402.2,199,201.1,4,3,2,432,Potential Loyalists,Medium Value
15185,70,1,310.62,666,310.62,3,1,2,312,Regular Customers,Medium Value
15186,14,2,411.41,215,205.705,4,3,2,432,Potential Loyalists,Medium Value
15187,2,16,4777.18,1887,298.57375,5,5,5,555,Champions,High Value
15189,1,41,16225.39,6149,395.74121951219513,5,5,5,555,Champions,Very High Value
15192,120,3,1044.32,918,348.1066666666666,2,3,4,234,Big Spenders,High Value
15193,61,1,499.32,144,499.32,3,1,3,313,Regular Customers,Medium Value
15194,3,15,7616.53,5703,507.76866666666666,5,5,5,555,Champions,Very High Value
15195,3,1,3861.0,1404,3861.0,5,1,5,515,New Customers,High Value
15197,11,3,1079.61,469,359.86999999999995,5,3,4,534,Potential Loyalists,High Value
15198,92,2,193.64,120,96.82,2,3,1,231,At Risk,Low Value
15199,59,4,1268.7,396,317.175,3,4,4,344,Loyal Customers,High Value
15201,87,5,1236.54,1210,247.308,2,4,4,244,At Risk,High Value
15203,26,6,1827.8,1753,304.6333333333333,4,5,4,454,Champions,High Value
15204,357,1,316.58000000000004,258,316.58000000000004,1,1,2,112,Lost Customers,Medium Value
15205,85,2,653.24,378,326.62,2,3,3,233,At Risk,Medium Value
15206,10,4,420.3,162,105.075,5,4,2,542,Potential Loyalists,Medium Value
15208,1,5,870.12,316,174.024,5,4,3,543,Loyal Customers,Medium Value
15210,225,1,331.18,228,331.18,1,1,2,112,Lost Customers,Medium Value
15211,60,2,894.4100000000001,240,447.20500000000004,3,3,3,333,Regular Customers,Medium Value
15212,241,1,101.8,36,101.8,1,1,1,111,Lost Customers,Low Value
15213,319,2,328.35,272,164.175,1,3,2,132,At Risk,Medium Value
15214,2,8,1661.44,1254,207.68,5,5,4,554,Champions,High Value
15215,47,3,734.94,225,244.98000000000002,3,3,3,333,Regular Customers,Medium Value
15216,88,1,96.6,28,96.6,2,1,1,211,Lost Customers,Low Value
15218,11,11,5756.89,3329,523.3536363636364,5,5,5,555,Champions,Very High Value
15219,176,1,305.75,45,305.75,2,1,2,212,Lost Customers,Medium Value
15220,52,6,1778.96,1393,296.49333333333334,3,5,4,354,Loyal Customers,High Value
15221,366,1,403.25,43,403.25,1,1,2,112,Lost Customers,Medium Value
15222,319,1,585.0,440,585.0,1,1,3,113,Lost Customers,Medium Value
15223,226,2,755.75,213,377.875,1,3,3,133,At Risk,Medium Value
15224,358,2,322.08,152,161.04,1,3,2,132,At Risk,Medium Value
15225,234,1,409.40000000000003,226,409.40000000000003,1,1,2,112,Lost Customers,Medium Value
15226,311,1,154.41,71,154.41,1,1,1,111,Lost Customers,Low Value
15227,37,5,1219.4,750,243.88000000000002,3,4,4,344,Loyal Customers,High Value
15228,66,4,3386.71,2255,846.6775,3,4,5,345,Loyal Customers,High Value
15230,239,2,429.6,351,214.8,1,3,2,132,At Risk,Medium Value
15232,113,2,612.06,686,306.03,2,3,3,233,At Risk,Medium Value
15234,277,1,197.0,196,197.0,1,1,1,111,Lost Customers,Low Value
15235,218,12,2247.51,1324,187.29250000000002,1,5,5,155,At Risk,High Value
15236,299,1,321.05,269,321.05,1,1,2,112,Lost Customers,Medium Value
15237,2,4,1412.32,1071,353.08,5,4,4,544,Champions,High Value
15238,29,3,1071.99,692,357.33,4,3,4,434,Potential Loyalists,High Value
15239,10,2,780.59,594,390.295,5,3,3,533,Potential Loyalists,Medium Value
15240,45,5,1706.57,1369,341.31399999999996,3,4,4,344,Loyal Customers,High Value
15241,67,8,1756.44,1818,219.555,3,5,4,354,Loyal Customers,High Value
15243,74,1,316.68,185,316.68,2,1,2,212,Lost Customers,Medium Value
15244,65,2,631.57,405,315.785,3,3,3,333,Regular Customers,Medium Value
15245,134,3,2515.84,1784,838.6133333333333,2,3,5,235,Big Spenders,High Value
15246,238,2,514.15,247,257.075,1,3,3,133,At Risk,Medium Value
15247,122,1,356.0,160,356.0,2,1,2,212,Lost Customers,Medium Value
15249,32,13,6688.46,3577,514.496923076923,4,5,5,455,Champions,Very High Value
15251,9,11,10484.99,6171,953.180909090909,5,5,5,555,Champions,Very High Value
15252,36,2,740.78,522,370.39,3,3,3,333,Regular Customers,Medium Value
15253,16,5,918.2,866,183.64000000000001,4,4,3,443,Loyal Customers,Medium Value
15254,127,1,300.36,275,300.36,2,1,2,212,Lost Customers,Medium Value
15255,67,1,890.85,489,890.85,3,1,3,313,Regular Customers,Medium Value
15256,149,1,98.45,55,98.45,2,1,1,211,Lost Customers,Low Value
15257,283,1,317.15,46,317.15,1,1,2,112,Lost Customers,Medium Value
15258,169,2,623.16,142,311.58,2,3,3,233,At Risk,Medium Value
15260,100,7,1810.77,885,258.68142857142857,2,5,4,254,At Risk,High Value
15261,135,1,254.82,270,254.82,2,1,2,212,Lost Customers,Medium Value
15262,324,1,178.95000000000002,73,178.95000000000002,1,1,1,111,Lost Customers,Low Value
15263,107,1,156.51,89,156.51,2,1,1,211,Lost Customers,Low Value
15264,64,1,393.74,265,393.74,3,1,2,312,Regular Customers,Medium Value
15265,151,2,1506.1200000000001,612,753.0600000000001,2,3,4,234,Big Spenders,High Value
15266,338,1,119.3,18,119.3,1,1,1,111,Lost Customers,Low Value
15267,22,5,1717.36,944,343.472,4,4,4,444,Champions,High Value
15269,24,1,408.8,26,408.8,4,1,2,412,New Customers,Medium Value
15270,16,7,2379.49,1521,339.9271428571428,4,5,5,455,Champions,High Value
15271,7,15,2493.34,1251,166.22266666666667,5,5,5,555,Champions,High Value
15272,57,2,721.94,310,360.97,3,3,3,333,Regular Customers,Medium Value
15274,4,2,716.57,619,358.285,5,3,3,533,Potential Loyalists,Medium Value
15275,38,1,615.14,498,615.14,3,1,3,313,Regular Customers,Medium Value
15276,66,1,128.63,61,128.63,3,1,1,311,Regular Customers,Low Value
15277,47,1,255.9,205,255.9,3,1,2,312,Regular Customers,Medium Value
15279,355,1,290.51,189,290.51,1,1,2,112,Lost Customers,Medium Value
15280,172,1,113.12,154,113.12,2,1,1,211,Lost Customers,Low Value
15281,59,9,2332.15,1211,259.1277777777778,3,5,5,355,Loyal Customers,High Value
15286,50,1,240.55,55,240.55,3,1,1,311,Regular Customers,Low Value
15287,22,2,486.69,433,243.345,4,3,2,432,Potential Loyalists,Medium Value
15288,43,5,2306.52,775,461.304,3,4,5,345,Loyal Customers,High Value
15289,29,3,939.78,1008,313.26,4,3,4,434,Potential Loyalists,Medium Value
15290,5,18,7943.22,4501,441.29,5,5,5,555,Champions,Very High Value
15291,26,15,4668.3,2103,311.22,4,5,5,455,Champions,High Value
15292,201,1,178.39,55,178.39,1,1,1,111,Lost Customers,Low Value
15296,51,6,3672.86,1766,612.1433333333333,3,5,5,355,Loyal Customers,High Value
15297,10,3,641.94,292,213.98000000000002,5,3,3,533,Potential Loyalists,Medium Value
15298,2,12,4799.9,3116,399.9916666666666,5,5,5,555,Champions,High Value
15299,67,7,4507.01,2948,643.8585714285715,3,5,5,355,Loyal Customers,High Value
15300,64,1,496.44,292,496.44,3,1,3,313,Regular Customers,Medium Value
15301,51,12,5049.95,2751,420.82916666666665,3,5,5,355,Loyal Customers,Very High Value
15303,290,1,574.02,248,574.02,1,1,3,113,Lost Customers,Medium Value
15304,61,8,694.4,104,86.8,3,5,3,353,Loyal Customers,Medium Value
15306,64,3,1174.35,810,391.45,3,3,4,334,Big Spenders,High Value
15307,96,1,205.3,37,205.3,2,1,1,211,Lost Customers,Low Value
15308,274,1,310.47,175,310.47,1,1,2,112,Lost Customers,Medium Value
15311,1,91,60632.75,38147,666.2939560439561,5,5,5,555,Champions,Very High Value
15312,75,4,924.85,516,231.2125,2,4,3,243,At Risk,Medium Value
15313,110,1,52.0,25,52.0,2,1,1,211,Lost Customers,Low Value
15314,199,1,327.97,313,327.97,1,1,2,112,Lost Customers,Medium Value
15315,64,2,570.5,862,285.25,3,3,3,333,Regular Customers,Medium Value
15316,327,1,165.0,100,165.0,1,1,1,111,Lost Customers,Low Value
15318,4,1,312.62,642,312.62,5,1,2,512,New Customers,Medium Value
15319,284,1,204.5,175,204.5,1,1,1,111,Lost Customers,Low Value
15320,44,1,267.13,326,267.13,3,1,2,312,Regular Customers,Medium Value
15321,71,3,2748.31,1181,916.1033333333334,3,3,5,335,Big Spenders,High Value
15322,86,1,679.68,416,679.68,2,1,3,213,Lost Customers,Medium Value
15325,104,1,161.74,231,161.74,2,1,1,211,Lost Customers,Low Value
15326,334,1,311.71,386,311.71,1,1,2,112,Lost Customers,Medium Value
15327,53,1,208.75,116,208.75,3,1,1,311,Regular Customers,Low Value
15329,39,3,1049.7,486,349.90000000000003,3,3,4,334,Big Spenders,High Value
15330,32,2,714.9599999999999,1312,357.47999999999996,4,3,3,433,Potential Loyalists,Medium Value
15332,366,4,1661.06,652,415.265,1,4,4,144,At Risk,High Value
15333,208,1,1028.56,344,1028.56,1,1,4,114,Big Spenders,High Value
15334,157,3,350.82,273,116.94,2,3,2,232,At Risk,Medium Value
15335,54,1,170.22,79,170.22,3,1,1,311,Regular Customers,Low Value
15339,66,2,574.07,416,287.035,3,3,3,333,Regular Customers,Medium Value
15341,81,1,2020.52,812,2020.52,2,1,4,214,Big Spenders,High Value
15342,130,1,406.09000000000003,283,406.09000000000003,2,1,2,212,Lost Customers,Medium Value
15343,87,1,364.5,84,364.5,2,1,2,212,Lost Customers,Medium Value
15344,1,3,563.94,116,187.98000000000002,5,3,3,533,Potential Loyalists,Medium Value
15345,46,1,393.54,81,393.54,3,1,2,312,Regular Customers,Medium Value
15346,333,1,252.42000000000002,144,252.42000000000002,1,1,2,112,Lost Customers,Medium Value
15347,366,1,201.60000000000002,130,201.60000000000002,1,1,1,111,Lost Customers,Low Value
15348,72,1,158.04,84,158.04,2,1,1,211,Lost Customers,Low Value
15349,158,2,463.90999999999997,321,231.95499999999998,2,3,2,232,At Risk,Medium Value
15350,373,1,115.65,51,115.65,1,1,1,111,Lost Customers,Low Value
15351,12,7,1934.66,742,276.38,5,5,4,554,Champions,High Value
15353,255,2,770.12,341,385.06,1,3,3,133,At Risk,Medium Value
15355,29,2,277.05,45,138.525,4,3,2,432,Potential Loyalists,Medium Value
15356,31,10,2718.03,1643,271.803,4,5,5,455,Champions,High Value
15358,5,22,8347.2,7050,379.41818181818184,5,5,5,555,Champions,Very High Value
15360,40,1,427.93,223,427.93,3,1,2,312,Regular Customers,Medium Value
15361,362,1,418.92,336,418.92,1,1,2,112,Lost Customers,Medium Value
15363,373,1,326.0,144,326.0,1,1,2,112,Lost Customers,Medium Value
15364,96,2,913.19,493,456.595,2,3,3,233,At Risk,Medium Value
15365,26,7,2314.32,1084,330.6171428571429,4,5,5,455,Champions,High Value
15366,75,2,602.51,621,301.255,2,3,3,233,At Risk,Medium Value
15367,57,4,1877.5900000000001,1057,469.39750000000004,3,4,4,344,Loyal Customers,High Value
15368,21,1,446.94000000000005,230,446.94000000000005,4,1,2,412,New Customers,Medium Value
15370,41,7,2386.05,830,340.86428571428576,3,5,5,355,Loyal Customers,High Value
15372,137,1,2007.4,2924,2007.4,2,1,4,214,Big Spenders,High Value
15373,8,12,2415.91,500,201.32583333333332,5,5,5,555,Champions,High Value
15374,129,1,168.0,126,168.0,2,1,1,211,Lost Customers,Low Value
15376,40,3,1221.56,615,407.18666666666667,3,3,4,334,Big Spenders,High Value
15379,169,7,3703.29,2305,529.0414285714286,2,5,5,255,At Risk,High Value
15380,9,5,1690.26,376,338.052,5,4,4,544,Champions,High Value
15381,214,2,596.85,171,298.425,1,3,3,133,At Risk,Medium Value
15382,15,6,5955.71,4012,992.6183333333333,4,5,5,455,Champions,Very High Value
15384,170,2,642.41,596,321.205,2,3,3,233,At Risk,Medium Value
15385,40,1,316.88,161,316.88,3,1,2,312,Regular Customers,Medium Value
15386,186,1,394.14,446,394.14,1,1,2,112,Lost Customers,Medium Value
15388,270,1,140.54,88,140.54,1,1,1,111,Lost Customers,Low Value
15389,172,1,500.0,400,500.0,2,1,3,213,Lost Customers,Medium Value
15392,5,4,1535.53,1277,383.8825,5,4,4,544,Champions,High Value
15393,16,2,231.86,150,115.93,4,3,1,431,Regular Customers,Low Value
15394,10,4,2183.54,910,545.885,5,4,5,545,Champions,High Value
15395,326,1,107.45,17,107.45,1,1,1,111,Lost Customers,Low Value
15396,113,1,288.18,122,288.18,2,1,2,212,Lost Customers,Medium Value
15397,290,1,94.0,20,94.0,1,1,1,111,Lost Customers,Low Value
15398,16,2,1345.53,769,672.765,4,3,4,434,Potential Loyalists,High Value
15399,1,3,815.77,611,271.92333333333335,5,3,3,533,Potential Loyalists,Medium Value
15400,92,5,716.2,390,143.24,2,4,3,243,At Risk,Medium Value
15402,149,2,626.77,694,313.385,2,3,3,233,At Risk,Medium Value
15405,189,1,349.1,193,349.1,1,1,2,112,Lost Customers,Medium Value
15406,31,2,510.71000000000004,254,255.35500000000002,4,3,3,433,Potential Loyalists,Medium Value
15407,34,4,1046.74,552,261.685,3,4,4,344,Loyal Customers,High Value
15408,264,1,267.18,106,267.18,1,1,2,112,Lost Customers,Medium Value
15410,84,8,3450.84,1200,431.355,2,5,5,255,At Risk,High Value
15411,26,4,1348.93,529,337.2325,4,4,4,444,Champions,High Value
15412,171,1,190.53,108,190.53,2,1,1,211,Lost Customers,Low Value
15414,10,3,774.9000000000001,443,258.3,5,3,3,533,Potential Loyalists,Medium Value
15415,313,1,559.61,551,559.61,1,1,3,113,Lost Customers,Medium Value
15416,65,4,3984.32,2090,996.08,3,4,5,345,Loyal Customers,High Value
15417,85,1,508.8,284,508.8,2,1,3,213,Lost Customers,Medium Value
15419,25,1,135.86,230,135.86,4,1,1,411,New Customers,Low Value
15421,59,4,950.36,500,237.59,3,4,4,344,Loyal Customers,Medium Value
15422,323,2,97.7,38,48.85,1,3,1,131,At Risk,Low Value
15423,38,1,43.5,101,43.5,3,1,1,311,Regular Customers,Low Value
15424,254,2,383.34000000000003,554,191.67000000000002,1,3,2,132,At Risk,Medium Value
15426,19,5,1404.07,656,280.81399999999996,4,4,4,444,Champions,High Value
15427,33,3,1430.54,967,476.84666666666664,3,3,4,334,Big Spenders,High Value
15428,15,1,93.78,102,93.78,4,1,1,411,New Customers,Low Value
15429,27,2,397.35,380,198.675,4,3,2,432,Potential Loyalists,Medium Value
15432,23,1,171.19000000000003,65,171.19000000000003,4,1,1,411,New Customers,Low Value
15433,214,2,533.3,534,266.65,1,3,3,133,At Risk,Medium Value
15434,8,5,1041.48,647,208.296,5,4,4,544,Champions,High Value
15435,22,1,149.29,54,149.29,4,1,1,411,New Customers,Low Value
15436,12,3,1067.75,574,355.9166666666667,5,3,4,534,Potential Loyalists,High Value
15437,262,1,200.16,79,200.16,1,1,1,111,Lost Customers,Low Value
15438,131,1,156.58,59,156.58,2,1,1,211,Lost Customers,Low Value
15440,55,3,383.68,197,127.89333333333333,3,3,2,332,Regular Customers,Medium Value
15442,249,1,594.0,120,594.0,1,1,3,113,Lost Customers,Medium Value
15443,2,7,3213.59,1639,459.0842857142857,5,5,5,555,Champions,High Value
15444,9,2,1411.21,759,705.605,5,3,4,534,Potential Loyalists,High Value
15445,264,1,113.5,58,113.5,1,1,1,111,Lost Customers,Low Value
15447,331,1,155.17000000000002,85,155.17000000000002,1,1,1,111,Lost Customers,Low Value
15448,313,1,494.64,232,494.64,1,1,3,113,Lost Customers,Medium Value
15449,26,3,974.52,812,324.84,4,3,4,434,Potential Loyalists,Medium Value
15450,30,1,429.84,376,429.84,4,1,2,412,New Customers,Medium Value
15452,30,3,528.48,280,176.16,4,3,3,433,Potential Loyalists,Medium Value
15453,2,7,1371.77,837,195.96714285714285,5,5,4,554,Champions,High Value
15454,362,1,179.1,86,179.1,1,1,1,111,Lost Customers,Low Value
15456,283,3,434.59000000000003,633,144.86333333333334,1,3,2,132,At Risk,Medium Value
15457,262,1,237.07,132,237.07,1,1,1,111,Lost Customers,Low Value
15458,25,1,161.64,156,161.64,4,1,1,411,New Customers,Low Value
15460,354,1,214.26,107,214.26,1,1,1,111,Lost Customers,Low Value
15462,94,3,234.6,172,78.2,2,3,1,231,At Risk,Low Value
15463,29,1,126.14,106,126.14,4,1,1,411,New Customers,Low Value
15464,338,1,1044.65,348,1044.65,1,1,4,114,Big Spenders,High Value
15465,20,18,7354.62,1257,408.59,4,5,5,455,Champions,Very High Value
15466,85,1,334.53,246,334.53,2,1,2,212,Lost Customers,Medium Value
15467,9,3,524.88,310,174.96,5,3,3,533,Potential Loyalists,Medium Value
15468,51,2,467.51,155,233.755,3,3,2,332,Regular Customers,Medium Value
15469,50,2,538.55,153,269.275,3,3,3,333,Regular Customers,Medium Value
15471,2,1,454.48,256,454.48,5,1,2,512,New Customers,Medium Value
15472,113,1,371.56,251,371.56,2,1,2,212,Lost Customers,Medium Value
15473,14,7,1771.2,672,253.02857142857144,4,5,4,454,Champions,High Value
15475,77,1,454.11,319,454.11,2,1,2,212,Lost Customers,Medium Value
15478,40,2,1399.92,575,699.96,3,3,4,334,Big Spenders,High Value
15480,116,1,905.5,303,905.5,2,1,3,213,Lost Customers,Medium Value
15482,16,12,10879.76,5004,906.6466666666666,4,5,5,455,Champions,Very High Value
15483,161,4,225.26,291,56.315,2,4,1,241,At Risk,Low Value
15484,1,4,3590.41,3150,897.6025,5,4,5,545,Champions,High Value
15485,30,3,2564.5,1281,854.8333333333334,4,3,5,435,Potential Loyalists,High Value
15488,93,1,91.32000000000001,73,91.32000000000001,2,1,1,211,Lost Customers,Low Value
15489,23,3,1134.28,608,378.0933333333333,4,3,4,434,Potential Loyalists,High Value
15491,95,6,3100.09,1646,516.6816666666667,2,5,5,255,At Risk,High Value
15492,28,2,659.46,483,329.73,4,3,3,433,Potential Loyalists,Medium Value
15493,33,5,1953.41,551,390.682,3,4,4,344,Loyal Customers,High Value
15494,21,2,1280.58,1139,640.29,4,3,4,434,Potential Loyalists,High Value
15497,18,2,1262.2,624,631.1,4,3,4,434,Potential Loyalists,High Value
15498,3,27,13316.4,6105,493.2,5,5,5,555,Champions,Very High Value
15500,8,4,1131.56,572,282.89,5,4,4,544,Champions,High Value
15502,16,12,10384.93,4236,865.4108333333334,4,5,5,455,Champions,Very High Value
15503,363,1,141.04,70,141.04,1,1,1,111,Lost Customers,Low Value
15504,81,1,52.83,33,52.83,2,1,1,211,Lost Customers,Low Value
15505,53,5,3610.96,2390,722.192,3,4,5,345,Loyal Customers,High Value
15506,23,3,972.08,842,324.0266666666667,4,3,4,434,Potential Loyalists,Medium Value
15507,172,1,475.86,160,475.86,2,1,2,212,Lost Customers,Medium Value
15508,189,6,1000.27,440,166.71166666666667,1,5,4,154,At Risk,High Value
15510,331,1,250.0,2,250.0,1,1,2,112,Lost Customers,Low Value
15511,12,5,900.53,269,180.106,5,4,3,543,Loyal Customers,Medium Value
15512,156,2,121.0,68,60.5,2,3,1,231,At Risk,Low Value
15513,33,19,14758.22,5709,776.7484210526316,3,5,5,355,Loyal Customers,Very High Value
15514,12,11,4023.7200000000003,2098,365.7927272727273,5,5,5,555,Champions,High Value
15516,45,3,62.43,27,20.81,3,3,1,331,Regular Customers,Low Value
15517,233,1,267.03000000000003,293,267.03000000000003,1,1,2,112,Lost Customers,Medium Value
15518,64,8,1921.55,1263,240.19375,3,5,4,354,Loyal Customers,High Value
15520,2,1,343.5,314,343.5,5,1,2,512,New Customers,Medium Value
15521,40,8,3000.2,1836,375.025,3,5,5,355,Loyal Customers,High Value
15522,33,2,397.99,572,198.995,3,3,2,332,Regular Customers,Medium Value
15523,84,1,412.01,132,412.01,2,1,2,212,Lost Customers,Medium Value
15524,25,1,440.0,4,440.0,4,1,2,412,New Customers,Medium Value
15525,2,3,734.37,387,244.79,5,3,3,533,Potential Loyalists,Medium Value
15526,33,2,148.44,24,74.22,3,3,1,331,Regular Customers,Low Value
15527,19,8,2428.53,991,303.56625,4,5,5,455,Champions,High Value
15528,254,1,229.32999999999998,123,229.32999999999998,1,1,1,111,Lost Customers,Low Value
15529,23,11,3962.6,3455,360.23636363636365,4,5,5,455,Champions,High Value
15530,22,4,1497.31,938,374.3275,4,4,4,444,Champions,High Value
15531,8,2,1972.39,1085,986.195,5,3,4,534,Potential Loyalists,High Value
15532,25,4,1564.73,515,391.1825,4,4,4,444,Champions,High Value
15533,19,3,807.5699999999999,289,269.19,4,3,3,433,Potential Loyalists,Medium Value
15535,173,4,502.90000000000003,135,125.72500000000001,2,4,3,243,At Risk,Medium Value
15537,163,1,110.92,29,110.92,2,1,1,211,Lost Customers,Low Value
15539,7,1,538.46,410,538.46,5,1,3,513,New Customers,Medium Value
15540,11,1,213.3,200,213.3,5,1,1,511,New Customers,Low Value
15541,114,1,85.13,49,85.13,2,1,1,211,Lost Customers,Low Value
15543,288,1,127.86,86,127.86,1,1,1,111,Lost Customers,Low Value
15544,9,9,3546.71,3109,394.0788888888889,5,5,5,555,Champions,High Value
15545,54,2,288.97,162,144.485,3,3,2,332,Regular Customers,Medium Value
15547,7,14,4910.6,3999,350.75714285714287,5,5,5,555,Champions,High Value
15549,77,3,1681.46,694,560.4866666666667,2,3,4,234,Big Spenders,High Value
15550,4,4,575.63,295,143.9075,5,4,3,543,Loyal Customers,Medium Value
15551,37,1,436.06,218,436.06,3,1,2,312,Regular Customers,Medium Value
15552,217,1,90.12,60,90.12,1,1,1,111,Lost Customers,Low Value
15553,60,1,428.93,449,428.93,3,1,2,312,Regular Customers,Medium Value
15554,278,1,217.2,74,217.2,1,1,1,111,Lost Customers,Low Value
15555,12,16,4794.86,4427,299.67875,5,5,5,555,Champions,High Value
15556,24,1,279.77,236,279.77,4,1,2,412,New Customers,Medium Value
15557,29,1,468.91,213,468.91,4,1,2,412,New Customers,Medium Value
15561,12,4,800.5899999999999,267,200.14749999999998,5,4,3,543,Loyal Customers,Medium Value
15562,352,1,134.55,39,134.55,1,1,1,111,Lost Customers,Low Value
15563,22,4,1400.44,1501,350.11,4,4,4,444,Champions,High Value
15565,50,2,173.16000000000003,60,86.58000000000001,3,3,1,331,Regular Customers,Low Value
15567,19,1,186.01,223,186.01,4,1,1,411,New Customers,Low Value
15568,3,3,758.29,461,252.76333333333332,5,3,3,533,Potential Loyalists,Medium Value
15569,104,5,1375.71,666,275.142,2,4,4,244,At Risk,High Value
15570,7,12,4148.82,2063,345.73499999999996,5,5,5,555,Champions,High Value
15571,12,4,650.4300000000001,264,162.60750000000002,5,4,3,543,Loyal Customers,Medium Value
15572,5,7,2533.42,1213,361.9171428571429,5,5,5,555,Champions,High Value
15573,32,2,591.1899999999999,355,295.59499999999997,4,3,3,433,Potential Loyalists,Medium Value
15574,178,4,675.64,332,168.91,2,4,3,243,At Risk,Medium Value
15576,38,1,921.37,394,921.37,3,1,3,313,Regular Customers,Medium Value
15577,151,3,258.88,89,86.29333333333334,2,3,2,232,At Risk,Medium Value
15578,162,1,127.10000000000001,52,127.10000000000001,2,1,1,211,Lost Customers,Low Value
15579,69,2,327.6,117,163.8,3,3,2,332,Regular Customers,Medium Value
15581,121,13,3675.77,283,282.7515384615385,2,5,5,255,At Risk,High Value
15582,25,3,682.9100000000001,453,227.63666666666668,4,3,3,433,Potential Loyalists,Medium Value
15584,24,4,720.86,313,180.215,4,4,3,443,Loyal Customers,Medium Value
15585,177,1,455.3,320,455.3,2,1,2,212,Lost Customers,Medium Value
15587,50,4,913.6800000000001,312,228.42000000000002,3,4,3,343,Loyal Customers,Medium Value
15589,256,3,478.53000000000003,243,159.51000000000002,1,3,2,132,At Risk,Medium Value
15592,47,1,388.58,354,388.58,3,1,2,312,Regular Customers,Medium Value
15593,71,1,199.8,60,199.8,3,1,1,311,Regular Customers,Low Value
15594,16,5,1771.78,983,354.356,4,4,4,444,Champions,High Value
15596,101,5,1406.59,561,281.318,2,4,4,244,At Risk,High Value
15597,35,1,324.57,279,324.57,3,1,2,312,Regular Customers,Medium Value
15598,53,1,240.68,160,240.68,3,1,1,311,Regular Customers,Low Value
15599,27,2,761.74,718,380.87,4,3,3,433,Potential Loyalists,Medium Value
15601,11,14,6776.56,4983,484.04,5,5,5,555,Champions,Very High Value
15602,8,9,1297.8700000000001,1137,144.20777777777778,5,5,4,554,Champions,High Value
15603,79,1,48.480000000000004,96,48.480000000000004,2,1,1,211,Lost Customers,Low Value
15604,52,1,216.39,159,216.39,3,1,1,311,Regular Customers,Low Value
15605,36,5,1198.23,441,239.64600000000002,3,4,4,344,Loyal Customers,High Value
15606,61,9,2920.16,892,324.4622222222222,3,5,5,355,Loyal Customers,High Value
15607,337,1,104.75999999999999,202,104.75999999999999,1,1,1,111,Lost Customers,Low Value
15608,28,4,1093.68,714,273.42,4,4,4,444,Champions,High Value
15609,184,1,298.48,148,298.48,1,1,2,112,Lost Customers,Medium Value
15610,52,1,112.46000000000001,66,112.46000000000001,3,1,1,311,Regular Customers,Low Value
15611,10,13,1591.45,504,122.41923076923078,5,5,4,554,Champions,High Value
15612,36,2,195.15,52,97.575,3,3,1,331,Regular Customers,Low Value
15615,10,23,10399.74,5508,452.1626086956522,5,5,5,555,Champions,Very High Value
15618,33,4,776.851,454,194.21275,3,4,3,343,Loyal Customers,Medium Value
15619,11,1,336.4,136,336.4,5,1,2,512,New Customers,Medium Value
15620,57,3,1553.18,915,517.7266666666667,3,3,4,334,Big Spenders,High Value
15621,4,4,1293.03,501,323.2575,5,4,4,544,Champions,High Value
15622,43,9,3709.56,1674,412.17333333333335,3,5,5,355,Loyal Customers,High Value
15623,141,1,301.03,125,301.03,2,1,2,212,Lost Customers,Medium Value
15624,117,4,588.13,357,147.0325,2,4,3,243,At Risk,Medium Value
15625,104,4,1534.26,1188,383.565,2,4,4,244,At Risk,High Value
15626,75,2,675.8,766,337.9,2,3,3,233,At Risk,Medium Value
15628,5,9,2870.2400000000002,1894,318.91555555555556,5,5,5,555,Champions,High Value
15630,45,2,1186.35,800,593.175,3,3,4,334,Big Spenders,High Value
15632,16,8,3285.31,2109,410.66375,4,5,5,455,Champions,High Value
15634,17,1,243.55,99,243.55,4,1,1,411,New Customers,Low Value
15636,90,2,724.76,284,362.38,2,3,3,233,At Risk,Medium Value
15637,53,1,223.36,128,223.36,3,1,1,311,Regular Customers,Low Value
15639,134,1,425.32,323,425.32,2,1,2,212,Lost Customers,Medium Value
15640,4,15,12416.11,6572,827.7406666666667,5,5,5,555,Champions,Very High Value
15641,105,4,1887.2,1562,471.8,2,4,4,244,At Risk,High Value
15643,192,3,664.0,246,221.33333333333334,1,3,3,133,At Risk,Medium Value
15644,166,4,803.54,550,200.885,2,4,3,243,At Risk,Medium Value
15645,19,1,612.01,256,612.01,4,1,3,413,New Customers,Medium Value
15646,158,3,447.64000000000004,394,149.21333333333334,2,3,2,232,At Risk,Medium Value
15648,204,2,639.5,218,319.75,1,3,3,133,At Risk,Medium Value
15649,336,2,816.0,192,408.0,1,3,3,133,At Risk,Medium Value
15651,37,3,646.3,479,215.4333333333333,3,3,3,333,Regular Customers,Medium Value
15652,91,1,337.74,208,337.74,2,1,2,212,Lost Customers,Medium Value
15653,93,2,877.44,1200,438.72,2,3,3,233,At Risk,Medium Value
15654,9,2,922.53,475,461.265,5,3,3,533,Potential Loyalists,Medium Value
15655,243,1,560.6700000000001,324,560.6700000000001,1,1,3,113,Lost Customers,Medium Value
15656,45,4,748.5,343,187.125,3,4,3,343,Loyal Customers,Medium Value
15657,23,1,30.0,24,30.0,4,1,1,411,New Customers,Low Value
15658,190,5,1024.1000000000001,242,204.82000000000002,1,4,4,144,At Risk,High Value
15659,44,1,306.45,111,306.45,3,1,2,312,Regular Customers,Medium Value
15660,25,9,1600.86,1050,177.87333333333333,4,5,4,454,Champions,High Value
15661,317,2,309.8,236,154.9,1,3,2,132,At Risk,Medium Value
15663,106,1,138.14,106,138.14,2,1,1,211,Lost Customers,Low Value
15664,51,1,386.43,157,386.43,3,1,2,312,Regular Customers,Medium Value
15665,168,2,2222.21,1654,1111.105,2,3,5,235,Big Spenders,High Value
15667,40,1,301.32,240,301.32,3,1,2,312,Regular Customers,Medium Value
15668,218,1,76.32000000000001,72,76.32000000000001,1,1,1,111,Lost Customers,Low Value
15669,40,4,684.34,342,171.085,3,4,3,343,Loyal Customers,Medium Value
15670,297,1,173.05,91,173.05,1,1,1,111,Lost Customers,Low Value
15671,19,7,2657.13,1699,379.59000000000003,4,5,5,455,Champions,High Value
15673,88,4,2726.23,1451,681.5575,2,4,5,245,At Risk,High Value
15674,73,5,2446.6,1275,489.32,2,4,5,245,At Risk,High Value
15675,81,3,323.69,527,107.89666666666666,2,3,2,232,At Risk,Medium Value
15676,19,3,3435.76,2252,1145.2533333333333,4,3,5,435,Potential Loyalists,High Value
15677,49,1,657.23,319,657.23,3,1,3,313,Regular Customers,Medium Value
15678,53,1,352.7,184,352.7,3,1,2,312,Regular Customers,Medium Value
15679,24,4,781.28,1170,195.32,4,4,3,443,Loyal Customers,Medium Value
15680,9,3,1333.68,952,444.56,5,3,4,534,Potential Loyalists,High Value
15681,25,5,1426.16,816,285.232,4,4,4,444,Champions,High Value
15683,117,1,193.75,131,193.75,2,1,1,211,Lost Customers,Low Value
15687,9,9,2993.1,1310,332.56666666666666,5,5,5,555,Champions,High Value
15689,120,2,254.1,84,127.05,2,3,2,232,At Risk,Medium Value
15690,4,2,239.76,408,119.88,5,3,1,531,Regular Customers,Low Value
15691,252,1,136.8,72,136.8,1,1,1,111,Lost Customers,Low Value
15692,28,1,191.04,138,191.04,4,1,1,411,New Customers,Low Value
15694,1,14,6479.4,1677,462.8142857142857,5,5,5,555,Champions,Very High Value
15695,267,2,409.98,212,204.99,1,3,2,132,At Risk,Medium Value
15696,33,8,2711.11,1015,338.88875,3,5,5,355,Loyal Customers,High Value
15699,18,1,309.65,113,309.65,4,1,2,412,New Customers,Medium Value
15700,172,2,696.68,357,348.34,2,3,3,233,At Risk,Medium Value
15701,2,4,1529.0,912,382.25,5,4,4,544,Champions,High Value
15703,265,1,211.5,66,211.5,1,1,1,111,Lost Customers,Low Value
15704,140,4,2293.62,1028,573.405,2,4,5,245,At Risk,High Value
15705,201,1,143.1,62,143.1,1,1,1,111,Lost Customers,Low Value
15706,64,4,1060.56,321,265.14,3,4,4,344,Loyal Customers,High Value
15707,35,4,916.98,594,229.245,3,4,3,343,Loyal Customers,Medium Value
15708,41,7,3235.25,1217,462.17857142857144,3,5,5,355,Loyal Customers,High Value
15709,284,1,133.25,121,133.25,1,1,1,111,Lost Customers,Low Value
15712,9,5,1072.3600000000001,486,214.47200000000004,5,4,4,544,Champions,High Value
15713,143,2,356.7,150,178.35,2,3,2,232,At Risk,Medium Value
15714,12,2,330.03000000000003,186,165.01500000000001,5,3,2,532,Potential Loyalists,Medium Value
15716,146,4,1101.11,738,275.2775,2,4,4,244,At Risk,High Value
15717,234,1,150.3,70,150.3,1,1,1,111,Lost Customers,Low Value
15719,33,13,5030.07,2718,386.92846153846153,3,5,5,355,Loyal Customers,Very High Value
15720,24,1,598.73,281,598.73,4,1,3,413,New Customers,Medium Value
15721,12,1,471.40000000000003,388,471.40000000000003,5,1,2,512,New Customers,Medium Value
15722,36,5,2211.21,1023,442.242,3,4,5,345,Loyal Customers,High Value
15723,365,1,190.70000000000002,73,190.70000000000002,1,1,1,111,Lost Customers,Low Value
15724,201,2,218.25,73,109.125,1,3,1,131,At Risk,Low Value
15725,15,1,415.25,221,415.25,4,1,2,412,New Customers,Medium Value
15727,17,7,5159.06,3063,737.0085714285715,4,5,5,455,Champions,Very High Value
15729,213,1,85.0,28,85.0,1,1,1,111,Lost Customers,Low Value
15730,66,3,1120.88,689,373.6266666666667,3,3,4,334,Big Spenders,High Value
15732,212,2,294.12,215,147.06,1,3,2,132,At Risk,Medium Value
15733,283,1,162.3,62,162.3,1,1,1,111,Lost Customers,Low Value
15734,115,2,1339.45,346,669.725,2,3,4,234,Big Spenders,High Value
15737,15,8,1188.12,597,148.515,4,5,4,454,Champions,High Value
15738,19,16,4812.42,2982,300.77625,4,5,5,455,Champions,High Value
15739,66,1,449.12,472,449.12,3,1,2,312,Regular Customers,Medium Value
15740,49,1,154.88,152,154.88,3,1,1,311,Regular Customers,Low Value
15743,16,4,775.96,214,193.99,4,4,3,443,Loyal Customers,Medium Value
15744,78,1,34.8,120,34.8,2,1,1,211,Lost Customers,Low Value
15745,19,4,1094.5900000000001,421,273.64750000000004,4,4,4,444,Champions,High Value
15746,134,1,196.88,178,196.88,2,1,1,211,Lost Customers,Low Value
15747,13,3,946.64,466,315.5466666666667,5,3,4,534,Potential Loyalists,Medium Value
15748,40,1,144.36,50,144.36,3,1,1,311,Regular Customers,Low Value
15749,235,3,44534.3,18028,14844.766666666668,1,3,5,135,Big Spenders,Very High Value
15750,3,8,2463.05,1783,307.88125,5,5,5,555,Champions,High Value
15752,40,7,2626.6,1960,375.2285714285714,3,5,5,355,Loyal Customers,High Value
15753,305,1,79.2,144,79.2,1,1,1,111,Lost Customers,Low Value
15754,51,3,458.57,199,152.85666666666665,3,3,2,332,Regular Customers,Medium Value
15755,10,6,2364.25,1427,394.0416666666667,5,5,5,555,Champions,High Value
15756,61,4,528.01,241,132.0025,3,4,3,343,Loyal Customers,Medium Value
15757,66,2,714.42,491,357.21,3,3,3,333,Regular Customers,Medium Value
15758,25,1,205.25,47,205.25,4,2,1,421,New Customers,Low Value
15759,218,3,253.04000000000002,60,84.34666666666668,1,3,2,132,At Risk,Medium Value
15762,65,2,583.75,251,291.875,3,3,3,333,Regular Customers,Medium Value
15763,32,2,1086.92,271,543.46,4,3,4,434,Potential Loyalists,High Value
15764,88,6,3279.97,2050,546.6616666666666,2,5,5,255,At Risk,High Value
15766,64,1,315.06,170,315.06,3,2,2,322,Regular Customers,Medium Value
15768,116,3,621.83,244,207.27666666666667,2,4,3,243,At Risk,Medium Value
15769,7,26,56252.72,29672,2163.566153846154,5,5,5,555,Champions,Very High Value
15773,6,1,635.6800000000001,311,635.6800000000001,5,2,3,523,Potential Loyalists,Medium Value
15774,69,1,270.8,87,270.8,3,2,2,322,Regular Customers,Medium Value
15775,245,1,104.9,68,104.9,1,2,1,121,Lost Customers,Low Value
15776,133,1,241.62,138,241.62,2,2,1,221,Lost Customers,Low Value
15777,241,4,1047.1100000000001,378,261.77750000000003,1,4,4,144,At Risk,High Value
15780,184,3,475.28000000000003,220,158.42666666666668,1,4,2,142,At Risk,Medium Value
15781,25,3,345.46000000000004,180,115.15333333333335,4,4,2,442,Potential Loyalists,Medium Value
15782,10,3,2614.74,864,871.5799999999999,5,4,5,545,Champions,High Value
15783,11,1,246.3,212,246.3,5,2,1,521,New Customers,Low Value
15785,33,5,2328.97,1612,465.794,3,4,5,345,Loyal Customers,High Value
15786,46,3,4919.0,3340,1639.6666666666667,3,4,5,345,Loyal Customers,High Value
15787,26,3,933.26,534,311.08666666666664,4,4,3,443,Loyal Customers,Medium Value
15789,358,1,351.3,438,351.3,1,2,2,122,Lost Customers,Medium Value
15790,10,1,218.75,113,218.75,5,2,1,521,New Customers,Low Value
15791,44,2,1612.69,731,806.345,3,3,4,334,Big Spenders,High Value
15793,15,3,965.61,553,321.87,4,4,4,444,Champions,Medium Value
15795,150,1,610.01,581,610.01,2,2,3,223,Lost Customers,Medium Value
15796,1,8,2708.61,860,338.57625,5,5,5,555,Champions,High Value
15797,113,4,2207.4,873,551.85,2,4,5,245,At Risk,High Value
15799,76,3,884.14,955,294.7133333333333,2,4,3,243,At Risk,Medium Value
15800,107,2,696.89,332,348.445,2,3,3,233,At Risk,Medium Value
15801,46,3,1063.95,570,354.65000000000003,3,4,4,344,Loyal Customers,High Value
15802,143,1,451.42,1,451.42,2,2,2,222,Lost Customers,Medium Value
15803,51,1,415.82000000000005,290,415.82000000000005,3,2,2,322,Regular Customers,Medium Value
15804,1,13,4206.39,2565,323.5684615384616,5,5,5,555,Champions,High Value
15805,23,17,5488.18,3367,322.83411764705886,4,5,5,455,Champions,Very High Value
15806,46,3,784.58,602,261.5266666666667,3,4,3,343,Loyal Customers,Medium Value
15807,50,3,903.9,430,301.3,3,4,3,343,Loyal Customers,Medium Value
15808,306,4,3651.27,1305,912.8175,1,4,5,145,At Risk,High Value
15809,36,5,515.77,301,103.154,3,4,3,343,Loyal Customers,Medium Value
15810,79,4,1391.98,861,347.995,2,4,4,244,At Risk,High Value
15811,22,6,2218.62,1071,369.77,4,5,5,455,Champions,High Value
15812,107,5,1801.14,922,360.228,2,4,4,244,At Risk,High Value
15813,208,2,1303.91,603,651.955,1,3,4,134,Big Spenders,High Value
15814,17,4,1945.3300000000002,1271,486.33250000000004,4,4,4,444,Champions,High Value
15815,64,5,2100.6,1856,420.12,3,4,5,345,Loyal Customers,High Value
15819,49,4,1905.45,1357,476.3625,3,4,4,344,Loyal Customers,High Value
15820,320,1,206.98,128,206.98,1,2,1,121,Lost Customers,Low Value
15821,44,2,570.96,202,285.48,3,3,3,333,Regular Customers,Medium Value
15822,3,2,885.47,375,442.735,5,3,3,533,Potential Loyalists,Medium Value
15823,372,1,15.0,1,15.0,1,2,1,121,Lost Customers,Low Value
15825,172,1,532.94,220,532.94,2,2,3,223,Lost Customers,Medium Value
15826,56,3,1654.31,963,551.4366666666666,3,4,4,344,Loyal Customers,High Value
15827,73,14,1836.09,882,131.1492857142857,2,5,4,254,At Risk,High Value
15829,99,2,636.14,996,318.07,2,3,3,233,At Risk,Medium Value
15830,38,1,576.0,415,576.0,3,2,3,323,Regular Customers,Medium Value
15831,58,3,794.64,1092,264.88,3,4,3,343,Loyal Customers,Medium Value
15832,254,1,836.79,465,836.79,1,2,3,123,Lost Customers,Medium Value
15834,70,4,2225.15,961,556.2875,3,4,5,345,Loyal Customers,High Value
15835,44,4,954.09,439,238.5225,3,4,4,344,Loyal Customers,Medium Value
15836,50,1,137.37,26,137.37,3,2,1,321,Regular Customers,Low Value
15837,65,1,391.98,189,391.98,3,2,2,322,Regular Customers,Medium Value
15838,11,19,33643.08,18368,1770.6884210526316,5,5,5,555,Champions,Very High Value
15839,33,3,1048.49,675,349.49666666666667,3,4,4,344,Loyal Customers,High Value
15840,59,2,355.56,396,177.78,3,3,2,332,Regular Customers,Medium Value
15841,73,4,1224.06,942,306.015,2,4,4,244,At Risk,High Value
15843,304,1,118.95,27,118.95,1,2,1,121,Lost Customers,Low Value
15844,46,1,130.74,134,130.74,3,2,1,321,Regular Customers,Low Value
15845,18,8,3711.77,1926,463.97125,4,5,5,455,Champions,High Value
15847,38,2,389.27,449,194.635,3,3,2,332,Regular Customers,Medium Value
15850,19,2,234.88,298,117.44,4,3,1,431,Regular Customers,Low Value
15852,187,2,160.71,48,80.355,1,3,1,131,At Risk,Low Value
15853,52,1,110.8,135,110.8,3,2,1,321,Regular Customers,Low Value
15854,4,12,2969.12,926,247.42666666666665,5,5,5,555,Champions,High Value
15855,137,5,712.24,470,142.448,2,4,3,243,At Risk,Medium Value
15856,4,27,16143.64,10866,597.9125925925925,5,5,5,555,Champions,Very High Value
15857,19,1,297.0,308,297.0,4,2,2,422,Potential Loyalists,Medium Value
15858,16,5,1427.57,1163,285.514,4,4,4,444,Champions,High Value
15860,41,8,965.16,437,120.645,3,5,4,354,Loyal Customers,Medium Value
15861,12,8,3146.92,2528,393.365,5,5,5,555,Champions,High Value
15862,8,4,832.88,585,208.22,5,4,3,543,Loyal Customers,Medium Value
15863,26,2,68.84,19,34.42,4,3,1,431,Regular Customers,Low Value
15864,22,6,1936.32,1192,322.71999999999997,4,5,4,454,Champions,High Value
15865,41,3,895.13,368,298.37666666666667,3,4,3,343,Loyal Customers,Medium Value
15866,101,1,211.89,124,211.89,2,2,1,221,Lost Customers,Low Value
15867,5,15,3810.14,2052,254.00933333333333,5,5,5,555,Champions,High Value
15869,277,2,149.64,175,74.82,1,3,1,131,At Risk,Low Value
15870,33,1,351.44,333,351.44,3,2,2,322,Regular Customers,Medium Value
15872,15,2,316.25,187,158.125,4,3,2,432,Potential Loyalists,Medium Value
15874,64,7,4405.88,2534,629.4114285714286,3,5,5,355,Loyal Customers,High Value
15877,2,2,490.33,368,245.165,5,3,3,533,Potential Loyalists,Medium Value
15880,369,1,329.03,202,329.03,1,2,2,122,Lost Customers,Medium Value
15881,312,5,501.39,260,100.27799999999999,1,4,3,143,At Risk,Medium Value
15882,199,4,516.36,276,129.09,1,4,3,143,At Risk,Medium Value
15883,2,2,396.48,223,198.24,5,3,2,532,Potential Loyalists,Medium Value
15885,93,3,379.35,111,126.45,2,4,2,242,At Risk,Medium Value
15886,60,1,181.09,147,181.09,3,2,1,321,Regular Customers,Low Value
15888,81,1,168.31,76,168.31,2,2,1,221,Lost Customers,Low Value
15889,157,2,420.07,206,210.035,2,3,2,232,At Risk,Medium Value
15891,227,1,511.68,418,511.68,1,2,3,123,Lost Customers,Medium Value
15894,253,2,258.25,164,129.125,1,3,2,132,At Risk,Medium Value
15895,150,1,179.17,94,179.17,2,2,1,221,Lost Customers,Low Value
15897,194,2,208.59,223,104.295,1,3,1,131,At Risk,Low Value
15898,1,5,1383.83,567,276.76599999999996,5,4,4,544,Champions,High Value
15899,369,1,56.25,39,56.25,1,2,1,121,Lost Customers,Low Value
15900,24,1,337.28000000000003,216,337.28000000000003,4,2,2,422,Potential Loyalists,Medium Value
15901,17,3,351.73,379,117.24333333333334,4,4,2,442,Potential Loyalists,Medium Value
15903,10,7,5126.76,2410,732.3942857142857,5,5,5,555,Champions,Very High Value
15904,8,1,164.68,84,164.68,5,2,1,521,New Customers,Low Value
15906,20,7,1567.69,544,223.9557142857143,4,5,4,454,Champions,High Value
15907,4,3,882.72,478,294.24,5,4,3,543,Loyal Customers,Medium Value
15909,174,1,191.94,98,191.94,2,2,1,221,Lost Customers,Low Value
15910,1,8,1228.88,1013,153.61,5,5,4,554,Champions,High Value
15912,178,2,264.62,185,132.31,2,3,2,232,At Risk,Medium Value
15916,16,8,1502.86,752,187.8575,4,5,4,454,Champions,High Value
15917,248,1,123.1,42,123.1,1,2,1,121,Lost Customers,Low Value
15918,191,2,334.23,153,167.115,1,3,2,132,At Risk,Medium Value
15919,20,2,525.6899999999999,385,262.84499999999997,4,3,3,433,Potential Loyalists,Medium Value
15920,154,4,167.5,99,41.875,2,4,1,241,At Risk,Low Value
15921,173,1,323.03000000000003,162,323.03000000000003,2,2,2,222,Lost Customers,Medium Value
15922,373,1,369.5,138,369.5,1,2,2,122,Lost Customers,Medium Value
15923,373,1,127.08,122,127.08,1,2,1,121,Lost Customers,Low Value
15925,194,1,207.15,93,207.15,1,2,1,121,Lost Customers,Low Value
15930,67,1,426.63,139,426.63,3,2,2,322,Regular Customers,Medium Value
15932,4,8,2495.87,2325,311.98375,5,5,5,555,Champions,High Value
15933,21,3,1107.46,885,369.15333333333336,4,4,4,444,Champions,High Value
15935,239,2,416.86,115,208.43,1,3,2,132,At Risk,Medium Value
15937,64,1,145.35,73,145.35,3,2,1,321,Regular Customers,Low Value
15938,112,5,404.58000000000004,240,80.91600000000001,2,4,2,242,At Risk,Medium Value
15939,90,15,6115.01,4728,407.6673333333334,2,5,5,255,At Risk,Very High Value
15940,311,1,35.8,4,35.8,1,2,1,121,Lost Customers,Low Value
15942,134,1,337.44,232,337.44,2,2,2,222,Lost Customers,Medium Value
15944,277,1,325.1,50,325.1,1,2,2,122,Lost Customers,Medium Value
15945,365,1,181.0,52,181.0,1,2,1,121,Lost Customers,Low Value
15947,83,1,1708.24,898,1708.24,2,2,4,224,Big Spenders,High Value
15948,8,2,955.24,567,477.62,5,3,4,534,Potential Loyalists,Medium Value
15949,17,2,364.72,284,182.36,4,3,2,432,Potential Loyalists,Medium Value
15950,32,4,1744.71,719,436.1775,4,4,4,444,Champions,High Value
15951,9,2,708.22,313,354.11,5,3,3,533,Potential Loyalists,Medium Value
15952,34,4,781.91,391,195.4775,3,4,3,343,Loyal Customers,Medium Value
15953,15,8,1657.28,891,207.16,4,5,4,454,Champions,High Value
15955,24,14,4416.26,2135,315.44714285714286,4,5,5,455,Champions,High Value
15957,32,1,428.89,211,428.89,4,2,2,422,Potential Loyalists,Medium Value
15958,74,1,104.35000000000001,33,104.35000000000001,2,2,1,221,Lost Customers,Low Value
15963,20,2,470.76,298,235.38,4,3,2,432,Potential Loyalists,Medium Value
15965,17,4,808.87,434,202.2175,4,4,3,443,Loyal Customers,Medium Value
15967,23,2,397.68,205,198.84,4,3,2,432,Potential Loyalists,Medium Value
15969,3,3,666.1,124,222.03333333333333,5,4,3,543,Loyal Customers,Medium Value
15970,304,1,314.09999999999997,116,314.09999999999997,1,2,2,122,Lost Customers,Medium Value
15971,18,12,4199.85,1717,349.9875,4,5,5,455,Champions,High Value
15973,367,1,307.82,106,307.82,1,2,2,122,Lost Customers,Medium Value
15974,39,7,3442.15,2262,491.7357142857143,3,5,5,355,Loyal Customers,High Value
15975,84,1,371.01,243,371.01,2,2,2,222,Lost Customers,Medium Value
15976,165,2,427.64,275,213.82,2,3,2,232,At Risk,Medium Value
15977,17,2,1054.73,1016,527.365,4,3,4,434,Potential Loyalists,High Value
15978,77,1,1098.78,888,1098.78,2,2,4,224,Big Spenders,High Value
15980,89,3,2398.86,1560,799.62,2,4,5,245,At Risk,High Value
15981,25,8,3408.48,1866,426.06,4,5,5,455,Champions,High Value
15983,22,4,1465.1200000000001,886,366.28000000000003,4,4,4,444,Champions,High Value
15984,3,10,2780.63,1815,278.063,5,5,5,555,Champions,High Value
15985,123,2,1142.42,1086,571.21,2,3,4,234,Big Spenders,High Value
15986,30,1,168.12,268,168.12,4,2,1,421,New Customers,Low Value
15987,12,7,1432.77,1533,204.68142857142857,5,5,4,554,Champions,High Value
15988,19,1,156.78,180,156.78,4,2,1,421,New Customers,Low Value
15990,44,2,792.11,443,396.055,3,3,3,333,Regular Customers,Medium Value
15992,4,1,41.989999999999995,17,41.989999999999995,5,2,1,521,New Customers,Low Value
15993,9,7,2777.67,2037,396.81,5,5,5,555,Champions,High Value
15994,55,1,414.27,173,414.27,3,2,2,322,Regular Customers,Medium Value
15996,88,6,1032.58,380,172.09666666666666,2,5,4,254,At Risk,High Value
15998,37,5,3080.22,2032,616.044,3,4,5,345,Loyal Customers,High Value
16000,3,3,12393.7,5110,4131.233333333334,5,4,5,545,Champions,Very High Value
16003,30,5,2735.37,1185,547.074,4,4,5,445,Champions,High Value
16005,12,4,578.71,280,144.6775,5,4,3,543,Loyal Customers,Medium Value
16006,211,1,101.4,84,101.4,1,2,1,121,Lost Customers,Low Value
16007,48,4,1693.81,1388,423.4525,3,4,4,344,Loyal Customers,High Value
16008,24,3,478.78,323,159.59333333333333,4,4,2,442,Potential Loyalists,Medium Value
16009,22,4,972.11,366,243.0275,4,4,4,444,Champions,Medium Value
16010,246,3,392.40000000000003,202,130.8,1,4,2,142,At Risk,Medium Value
16011,8,16,3352.96,2035,209.56,5,5,5,555,Champions,High Value
16012,35,3,1415.29,799,471.7633333333333,3,4,4,344,Loyal Customers,High Value
16013,4,47,37130.6,15536,790.0127659574467,5,5,5,555,Champions,Very High Value
16014,38,3,646.83,258,215.61,3,4,3,343,Loyal Customers,Medium Value
16015,4,3,704.55,907,234.85,5,4,3,543,Loyal Customers,Medium Value
16016,3,8,1465.51,602,183.18875,5,5,4,554,Champions,High Value
16017,47,1,211.88,102,211.88,3,2,1,321,Regular Customers,Low Value
16018,39,2,408.9,190,204.45,3,3,2,332,Regular Customers,Medium Value
16019,47,9,3786.2400000000002,1733,420.6933333333334,3,5,5,355,Loyal Customers,High Value
16020,17,3,851.01,487,283.67,4,4,3,443,Loyal Customers,Medium Value
16022,260,1,602.63,255,602.63,1,2,3,123,Lost Customers,Medium Value
16023,46,3,719.81,358,239.93666666666664,3,4,3,343,Loyal Customers,Medium Value
16024,12,1,251.03,397,251.03,5,2,2,522,Potential Loyalists,Medium Value
16025,30,1,439.65999999999997,338,439.65999999999997,4,2,2,422,Potential Loyalists,Medium Value
16026,43,1,236.09,243,236.09,3,2,1,321,Regular Customers,Low Value
16027,92,6,934.62,1147,155.77,2,5,4,254,At Risk,Medium Value
16029,39,63,80850.84,40108,1283.3466666666666,3,5,5,355,Loyal Customers,Very High Value
16030,310,1,331.24,283,331.24,1,2,2,122,Lost Customers,Medium Value
16031,92,2,547.9,421,273.95,2,3,3,233,At Risk,Medium Value
16033,6,20,8778.82,3529,438.941,5,5,5,555,Champions,Very High Value
16034,196,3,437.70000000000005,242,145.9,1,4,2,142,At Risk,Medium Value
16036,87,2,758.9200000000001,716,379.46000000000004,2,3,3,233,At Risk,Medium Value
16037,270,3,855.02,428,285.00666666666666,1,4,3,143,At Risk,Medium Value
16038,8,3,471.78,244,157.26,5,4,2,542,Potential Loyalists,Medium Value
16040,65,3,1313.55,684,437.84999999999997,3,4,4,344,Loyal Customers,High Value
16041,31,3,3166.4,1584,1055.4666666666667,4,4,5,445,Champions,High Value
16042,22,5,1177.47,743,235.494,4,4,4,444,Champions,High Value
16043,38,4,773.99,503,193.4975,3,4,3,343,Loyal Customers,Medium Value
16045,120,4,1340.7,897,335.175,2,4,4,244,At Risk,High Value
16048,373,2,256.44,144,128.22,1,3,2,132,At Risk,Medium Value
16049,40,3,1074.81,763,358.27,3,4,4,344,Loyal Customers,High Value
16050,174,1,137.9,278,137.9,2,2,1,221,Lost Customers,Low Value
16052,54,1,362.06,282,362.06,3,2,2,322,Regular Customers,Medium Value
16053,33,2,1511.95,1793,755.975,3,3,4,334,Big Spenders,High Value
16054,145,1,783.9,380,783.9,2,2,3,223,Lost Customers,Medium Value
16055,221,1,134.8,22,134.8,1,2,1,121,Lost Customers,Low Value
16056,45,1,650.75,345,650.75,3,2,3,323,Regular Customers,Medium Value
16057,16,7,2263.12,863,323.30285714285714,4,5,5,455,Champions,High Value
16059,66,6,1453.16,641,242.19333333333336,3,5,4,354,Loyal Customers,High Value
16062,10,4,1153.62,800,288.405,5,4,4,544,Champions,High Value
16063,260,1,335.32,262,335.32,1,2,2,122,Lost Customers,Medium Value
16065,365,1,367.14,228,367.14,1,2,2,122,Lost Customers,Medium Value
16066,17,5,1521.04,935,304.20799999999997,4,4,4,444,Champions,High Value
16070,22,2,852.15,457,426.075,4,3,3,433,Potential Loyalists,Medium Value
16071,45,1,326.24,180,326.24,3,2,2,322,Regular Customers,Medium Value
16072,288,1,584.3199999999999,140,584.3199999999999,1,2,3,123,Lost Customers,Medium Value
16073,297,1,122.4,48,122.4,1,2,1,121,Lost Customers,Low Value
16076,3,10,2234.73,1435,223.473,5,5,5,555,Champions,High Value
16078,284,1,79.2,16,79.2,1,2,1,121,Lost Customers,Low Value
16079,17,3,1352.0,864,450.6666666666667,4,4,4,444,Champions,High Value
16080,82,2,217.16000000000003,128,108.58000000000001,2,3,1,231,At Risk,Low Value
16081,56,5,2799.42,1473,559.884,3,4,5,345,Loyal Customers,High Value
16083,101,2,1317.62,908,658.81,2,3,4,234,Big Spenders,High Value
16084,299,1,436.18,216,436.18,1,2,2,122,Lost Customers,Medium Value
16085,23,5,981.51,636,196.302,4,4,4,444,Champions,Medium Value
16086,59,5,1121.39,511,224.27800000000002,3,4,4,344,Loyal Customers,High Value
16091,155,2,315.06,154,157.53,2,3,2,232,At Risk,Medium Value
16092,115,3,817.86,628,272.62,2,4,3,243,At Risk,Medium Value
16093,107,1,17.0,20,17.0,2,2,1,221,Lost Customers,Low Value
16094,12,4,1078.23,647,269.5575,5,4,4,544,Champions,High Value
16096,264,1,320.62,155,320.62,1,2,2,122,Lost Customers,Medium Value
16097,240,1,185.04999999999998,87,185.04999999999998,1,2,1,121,Lost Customers,Low Value
16098,88,7,2005.63,613,286.5185714285714,2,5,4,254,At Risk,High Value
16099,50,3,731.9,434,243.96666666666667,3,4,3,343,Loyal Customers,Medium Value
16101,71,1,1290.7,757,1290.7,3,2,4,324,Big Spenders,High Value
16102,42,3,1842.14,942,614.0466666666667,3,4,4,344,Loyal Customers,High Value
16103,7,6,1429.64,558,238.27333333333334,5,5,4,554,Champions,High Value
16104,62,1,298.21000000000004,122,298.21000000000004,3,2,2,322,Regular Customers,Medium Value
16105,249,1,336.96,330,336.96,1,2,2,122,Lost Customers,Medium Value
16106,66,1,108.38,74,108.38,3,2,1,321,Regular Customers,Low Value
16107,18,7,3204.16,1176,457.7371428571428,4,5,5,455,Champions,High Value
16108,85,1,842.5,615,842.5,2,2,3,223,Lost Customers,Medium Value
16109,219,2,611.88,612,305.94,1,3,3,133,At Risk,Medium Value
16110,45,3,1320.95,720,440.31666666666666,3,4,4,344,Loyal Customers,High Value
16112,143,4,195.74,574,48.935,2,4,1,241,At Risk,Low Value
16113,183,1,161.38,176,161.38,1,2,1,121,Lost Customers,Low Value
16114,171,1,135.75,43,135.75,2,2,1,221,Lost Customers,Low Value
16115,10,8,1660.88,994,207.61,5,5,4,554,Champions,High Value
16116,212,1,612.78,248,612.78,1,2,3,123,Lost Customers,Medium Value
16117,190,1,232.21,130,232.21,1,2,1,121,Lost Customers,Low Value
16119,8,2,423.36,240,211.68,5,3,2,532,Potential Loyalists,Medium Value
16120,59,4,1309.14,878,327.285,3,4,4,344,Loyal Customers,High Value
16121,57,2,854.66,576,427.33,3,3,3,333,Regular Customers,Medium Value
16122,73,4,684.42,1128,171.105,2,4,3,243,At Risk,Medium Value
16123,52,1,307.78000000000003,170,307.78000000000003,3,2,2,322,Regular Customers,Medium Value
16124,317,1,249.0,48,249.0,1,2,1,121,Lost Customers,Low Value
16125,367,1,289.35,124,289.35,1,2,2,122,Lost Customers,Medium Value
16126,29,4,6287.77,2125,1571.9425,4,4,5,445,Champions,Very High Value
16127,39,1,656.25,323,656.25,3,2,3,323,Regular Customers,Medium Value
16128,18,5,1880.22,988,376.044,4,4,4,444,Champions,High Value
16131,52,6,3506.54,1802,584.4233333333333,3,5,5,355,Loyal Customers,High Value
16133,4,33,14589.04,8887,442.09212121212124,5,5,5,555,Champions,Very High Value
16134,22,2,618.09,371,309.045,4,3,3,433,Potential Loyalists,Medium Value
16135,263,1,517.55,209,517.55,1,2,3,123,Lost Customers,Medium Value
16136,60,3,709.38,440,236.46,3,4,3,343,Loyal Customers,Medium Value
16139,19,3,635.4100000000001,330,211.80333333333337,4,4,3,443,Loyal Customers,Medium Value
16140,66,2,725.1800000000001,730,362.59000000000003,3,3,3,333,Regular Customers,Medium Value
16141,88,1,620.4000000000001,238,620.4000000000001,2,2,3,223,Lost Customers,Medium Value
16142,250,1,535.34,422,535.34,1,2,3,123,Lost Customers,Medium Value
16143,3,6,2424.94,919,404.1566666666667,5,5,5,555,Champions,High Value
16144,247,1,175.2,16,175.2,1,2,1,121,Lost Customers,Low Value
16145,9,11,3799.4900000000002,3123,345.40818181818184,5,5,5,555,Champions,High Value
16146,157,3,734.13,427,244.71,2,4,3,243,At Risk,Medium Value
16147,134,1,375.0,246,375.0,2,2,2,222,Lost Customers,Medium Value
16148,296,1,76.32000000000001,72,76.32000000000001,1,2,1,121,Lost Customers,Low Value
16149,5,2,280.52,308,140.26,5,3,2,532,Potential Loyalists,Medium Value
16150,43,5,2053.02,1047,410.604,3,4,4,344,Loyal Customers,High Value
16152,269,1,1829.04,642,1829.04,1,2,4,124,Big Spenders,High Value
16153,50,5,1824.23,1073,364.846,3,4,4,344,Loyal Customers,High Value
16156,9,9,3092.04,1273,343.56,5,5,5,555,Champions,High Value
16157,16,3,656.6899999999999,347,218.89666666666665,4,4,3,443,Loyal Customers,Medium Value
16159,282,1,348.2,236,348.2,1,2,2,122,Lost Customers,Medium Value
16160,65,2,1025.44,1162,512.72,3,3,4,334,Big Spenders,High Value
16161,2,19,5533.67,2583,291.2457894736842,5,5,5,555,Champions,Very High Value
16162,252,1,37.4,4,37.4,1,2,1,121,Lost Customers,Low Value
16163,232,2,856.6,192,428.3,1,3,3,133,At Risk,Medium Value
16164,17,3,822.48,433,274.16,4,4,3,443,Loyal Customers,Medium Value
16168,11,27,3787.6,1892,140.28148148148148,5,5,5,555,Champions,High Value
16169,8,4,1822.97,1325,455.7425,5,4,4,544,Champions,High Value
16170,51,6,1885.05,1770,314.175,3,5,4,354,Loyal Customers,High Value
16171,59,1,73.19999999999999,24,73.19999999999999,3,2,1,321,Regular Customers,Low Value
16172,95,5,1140.21,787,228.042,2,4,4,244,At Risk,High Value
16173,16,6,1418.32,575,236.38666666666666,4,5,4,454,Champions,High Value
16174,126,3,1009.55,651,336.51666666666665,2,4,4,244,At Risk,High Value
16175,94,4,1037.59,533,259.3975,2,4,4,244,At Risk,High Value
16177,50,1,331.95,95,331.95,3,2,2,322,Regular Customers,Medium Value
16178,138,1,197.9,94,197.9,2,2,1,221,Lost Customers,Low Value
16179,61,1,215.83,99,215.83,3,2,1,321,Regular Customers,Low Value
16180,100,8,10254.18,5867,1281.7725,2,5,5,255,At Risk,Very High Value
16181,73,1,305.54,152,305.54,2,2,2,222,Lost Customers,Medium Value
16182,72,4,6617.65,3791,1654.4125,2,4,5,245,At Risk,Very High Value
16183,67,1,338.71000000000004,113,338.71000000000004,3,2,2,322,Regular Customers,Medium Value
16184,64,6,1158.79,561,193.13166666666666,3,5,4,354,Loyal Customers,High Value
16185,17,2,529.41,260,264.705,4,3,3,433,Potential Loyalists,Medium Value
16186,23,12,4006.94,3020,333.9116666666667,4,5,5,455,Champions,High Value
16187,32,15,6911.4400000000005,5048,460.7626666666667,4,5,5,455,Champions,Very High Value
16188,45,4,981.86,782,245.465,3,4,4,344,Loyal Customers,Medium Value
16189,16,2,215.48,134,107.74,4,3,1,431,Regular Customers,Low Value
16190,40,1,215.07999999999998,88,215.07999999999998,3,2,1,321,Regular Customers,Low Value
16191,3,13,5180.52,3351,398.5015384615385,5,5,5,555,Champions,Very High Value
16193,237,1,314.45,219,314.45,1,2,2,122,Lost Customers,Medium Value
16198,75,1,400.68100000000004,129,400.68100000000004,2,2,2,222,Lost Customers,Medium Value
16200,4,2,1068.8700000000001,516,534.4350000000001,5,3,4,534,Potential Loyalists,High Value
16201,3,4,1863.47,1286,465.8675,5,4,4,544,Champions,High Value
16202,361,1,365.27,191,365.27,1,2,2,122,Lost Customers,Medium Value
16203,59,4,592.9,262,148.225,3,4,3,343,Loyal Customers,Medium Value
16204,23,1,384.18,218,384.18,4,2,2,422,Potential Loyalists,Medium Value
16205,31,4,757.63,516,189.4075,4,4,3,443,Loyal Customers,Medium Value
16206,55,4,537.0600000000001,272,134.26500000000001,3,4,3,343,Loyal Customers,Medium Value
16207,25,1,394.38,140,394.38,4,2,2,422,Potential Loyalists,Medium Value
16208,45,2,664.26,333,332.13,3,3,3,333,Regular Customers,Medium Value
16209,89,5,2262.62,1179,452.524,2,4,5,245,At Risk,High Value
16210,2,18,21086.3,7559,1171.461111111111,5,5,5,555,Champions,Very High Value
16211,89,1,547.02,154,547.02,2,2,3,223,Lost Customers,Medium Value
16212,19,2,690.34,244,345.17,4,3,3,433,Potential Loyalists,Medium Value
16213,79,1,159.0,48,159.0,2,2,1,221,Lost Customers,Low Value
16214,171,3,1062.75,420,354.25,2,4,4,244,At Risk,High Value
16215,81,1,242.35,104,242.35,2,2,1,221,Lost Customers,Low Value
16216,267,1,914.9300000000001,254,914.9300000000001,1,2,3,123,Lost Customers,Medium Value
16217,235,2,304.25,91,152.125,1,3,2,132,At Risk,Medium Value
16218,30,7,3084.68,2088,440.6685714285714,4,5,5,455,Champions,High Value
16221,37,3,860.86,714,286.9533333333333,3,4,3,343,Loyal Customers,Medium Value
16222,318,1,773.55,325,773.55,1,2,3,123,Lost Customers,Medium Value
16224,57,4,1295.3,1116,323.825,3,4,4,344,Loyal Customers,High Value
16225,45,5,1096.32,493,219.26399999999998,3,4,4,344,Loyal Customers,High Value
16226,203,3,255.12,192,85.04,1,4,2,142,At Risk,Medium Value
16227,225,1,314.22,90,314.22,1,2,2,122,Lost Customers,Medium Value
16229,87,2,1010.6,318,505.3,2,3,4,234,Big Spenders,High Value
16230,190,2,542.03,365,271.015,1,3,3,133,At Risk,Medium Value
16232,44,4,990.88,550,247.72,3,4,4,344,Loyal Customers,Medium Value
16233,71,3,536.6800000000001,174,178.89333333333335,3,4,3,343,Loyal Customers,Medium Value
16235,41,5,867.3100000000001,330,173.46200000000002,3,4,3,343,Loyal Customers,Medium Value
16236,78,1,432.2,184,432.2,2,2,2,222,Lost Customers,Medium Value
16239,57,2,414.2,228,207.1,3,3,2,332,Regular Customers,Medium Value
16240,24,2,3718.8,1641,1859.4,4,3,5,435,Potential Loyalists,High Value
16241,10,13,2590.31,1443,199.2546153846154,5,5,5,555,Champions,High Value
16242,8,7,3579.86,1969,511.40857142857146,5,5,5,555,Champions,High Value
16243,34,2,409.09999999999997,110,204.54999999999998,3,3,2,332,Regular Customers,Medium Value
16244,212,2,1522.75,855,761.375,1,3,4,134,Big Spenders,High Value
16245,24,3,1413.66,1014,471.22,4,4,4,444,Champions,High Value
16247,170,1,114.55999999999999,182,114.55999999999999,2,2,1,221,Lost Customers,Low Value
16248,62,1,152.94,78,152.94,3,2,1,321,Regular Customers,Low Value
16249,53,5,1800.0700000000002,950,360.014,3,4,4,344,Loyal Customers,High Value
16250,261,2,389.44,208,194.72,1,3,2,132,At Risk,Medium Value
16253,67,2,3683.86,3233,1841.93,3,3,5,335,Big Spenders,High Value
16255,17,8,2619.91,1767,327.48875,4,5,5,455,Champions,High Value
16256,267,1,752.4300000000001,581,752.4300000000001,1,2,3,123,Lost Customers,Medium Value
16257,177,1,46.95,2,46.95,2,2,1,221,Lost Customers,Low Value
16258,45,5,5203.51,2994,1040.702,3,4,5,345,Loyal Customers,Very High Value
16260,51,1,1035.45,311,1035.45,3,2,4,324,Big Spenders,High Value
16261,17,4,728.54,301,182.135,4,4,3,443,Loyal Customers,Medium Value
16265,9,9,5447.0,2646,605.2222222222222,5,5,5,555,Champions,Very High Value
16266,74,7,861.89,398,123.12714285714286,2,5,3,253,At Risk,Medium Value
16268,71,2,667.65,533,333.825,3,3,3,333,Regular Customers,Medium Value
16270,353,1,1141.24,688,1141.24,1,2,4,124,Big Spenders,High Value
16271,3,5,1404.64,1024,280.928,5,4,4,544,Champions,High Value
16272,117,1,411.7,224,411.7,2,2,2,222,Lost Customers,Medium Value
16274,373,1,351.75,153,351.75,1,2,2,122,Lost Customers,Medium Value
16275,197,1,559.87,336,559.87,1,2,3,123,Lost Customers,Medium Value
16276,177,1,810.6000000000001,420,810.6000000000001,2,2,3,223,Lost Customers,Medium Value
16278,100,1,566.38,114,566.38,2,2,3,223,Lost Customers,Medium Value
16279,21,3,1502.78,1046,500.9266666666667,4,4,4,444,Champions,High Value
16281,72,1,2062.06,934,2062.06,2,2,5,225,Big Spenders,High Value
16282,340,1,168.3,114,168.3,1,2,1,121,Lost Customers,Low Value
16283,6,5,1570.81,1236,314.162,5,4,4,544,Champions,High Value
16284,31,2,812.68,535,406.34,4,3,3,433,Potential Loyalists,Medium Value
16287,170,1,142.5,298,142.5,2,2,1,221,Lost Customers,Low Value
16292,122,1,302.25,191,302.25,2,2,2,222,Lost Customers,Medium Value
16293,22,10,2248.9900000000002,982,224.89900000000003,4,5,5,455,Champions,High Value
16295,10,4,1328.55,841,332.1375,5,4,4,544,Champions,High Value
16297,269,1,301.9,206,301.9,1,2,2,122,Lost Customers,Medium Value
16298,23,3,598.2,198,199.4,4,4,3,443,Loyal Customers,Medium Value
16302,127,1,233.22,158,233.22,2,2,1,221,Lost Customers,Low Value
16303,26,3,5360.63,2659,1786.8766666666668,4,4,5,445,Champions,Very High Value
16305,139,1,361.22,256,361.22,2,2,2,222,Lost Customers,Medium Value
16306,214,6,632.27,487,105.37833333333333,1,5,3,153,At Risk,Medium Value
16308,38,4,2560.0,8000,640.0,3,4,5,345,Loyal Customers,High Value
16309,106,2,706.57,467,353.285,2,3,3,233,At Risk,Medium Value
16311,18,2,616.26,394,308.13,4,3,3,433,Potential Loyalists,Medium Value
16313,3,2,274.15000000000003,165,137.07500000000002,5,3,2,532,Potential Loyalists,Medium Value
16315,331,1,226.37,75,226.37,1,2,1,121,Lost Customers,Low Value
16316,64,8,2938.91,1484,367.36375,3,5,5,355,Loyal Customers,High Value
16317,120,3,1341.65,890,447.2166666666667,2,4,4,244,At Risk,High Value
16318,35,1,328.15000000000003,199,328.15000000000003,3,2,2,322,Regular Customers,Medium Value
16319,218,1,404.40000000000003,72,404.40000000000003,1,2,2,122,Lost Customers,Medium Value
16320,172,2,1038.46,732,519.23,2,3,4,234,Big Spenders,High Value
16321,72,5,373.65000000000003,135,74.73,2,4,2,242,At Risk,Medium Value
16322,1,2,326.75,231,163.375,5,3,2,532,Potential Loyalists,Medium Value
16323,196,1,207.50000000000003,50,207.50000000000003,1,2,1,121,Lost Customers,Low Value
16324,128,3,408.59,270,136.19666666666666,2,4,2,242,At Risk,Medium Value
16325,47,3,594.24,194,198.08,3,4,3,343,Loyal Customers,Medium Value
16326,6,14,3039.2200000000003,682,217.08714285714288,5,5,5,555,Champions,High Value
16327,14,6,3820.27,2560,636.7116666666667,4,5,5,455,Champions,High Value
16330,18,3,251.91,147,83.97,4,4,2,442,Potential Loyalists,Medium Value
16332,28,7,1582.8,797,226.1142857142857,4,5,4,454,Champions,High Value
16333,8,22,26626.8,32184,1210.3090909090909,5,5,5,555,Champions,Very High Value
16337,37,1,151.05,87,151.05,3,2,1,321,Regular Customers,Low Value
16338,157,1,214.8,94,214.8,2,2,1,221,Lost Customers,Low Value
16339,284,1,94.05,21,94.05,1,2,1,121,Lost Customers,Low Value
16340,107,1,534.31,486,534.31,2,2,3,223,Lost Customers,Medium Value
16341,25,4,1971.8700000000001,1398,492.96750000000003,4,4,4,444,Champions,High Value
16342,75,4,322.41,157,80.6025,2,4,2,242,At Risk,Medium Value
16343,16,2,328.58,175,164.29,4,3,2,432,Potential Loyalists,Medium Value
16344,158,1,101.10000000000001,18,101.10000000000001,2,2,1,221,Lost Customers,Low Value
16345,44,1,565.46,288,565.46,3,2,3,323,Regular Customers,Medium Value
16347,11,2,847.45,341,423.725,5,3,3,533,Potential Loyalists,Medium Value
16348,32,7,1415.65,805,202.2357142857143,4,5,4,454,Champions,High Value
16349,291,1,53.5,9,53.5,1,2,1,121,Lost Customers,Low Value
16350,21,4,1116.47,545,279.1175,4,4,4,444,Champions,High Value
16351,333,1,153.9,90,153.9,1,2,1,121,Lost Customers,Low Value
16352,18,2,494.44,300,247.22,4,3,3,433,Potential Loyalists,Medium Value
16353,4,23,6675.71,2006,290.24826086956523,5,5,5,555,Champions,Very High Value
16354,63,2,395.8,150,197.9,3,3,2,332,Regular Customers,Medium Value
16356,198,3,211.77,93,70.59,1,4,1,141,At Risk,Low Value
16357,33,3,658.88,246,219.62666666666667,3,4,3,343,Loyal Customers,Medium Value
16358,1,4,2027.5,1302,506.875,5,4,4,544,Champions,High Value
16359,7,9,1750.92,1183,194.54666666666668,5,5,4,554,Champions,High Value
16360,5,6,3450.41,2110,575.0683333333333,5,5,5,555,Champions,High Value
16361,10,4,891.21,418,222.8025,5,4,3,543,Loyal Customers,Medium Value
16362,32,5,709.99,340,141.998,4,4,3,443,Loyal Customers,Medium Value
16363,53,1,109.36000000000001,52,109.36000000000001,3,2,1,321,Regular Customers,Low Value
16364,12,2,705.79,279,352.895,5,3,3,533,Potential Loyalists,Medium Value
16365,18,9,1540.42,504,171.1577777777778,4,5,4,454,Champions,High Value
16366,19,1,327.3,256,327.3,4,2,2,422,Potential Loyalists,Medium Value
16367,37,2,800.67,643,400.335,3,3,3,333,Regular Customers,Medium Value
16368,2,2,479.91,251,239.955,5,3,2,532,Potential Loyalists,Medium Value
16369,18,3,1545.41,1030,515.1366666666667,4,4,4,444,Champions,High Value
16370,82,4,1301.91,640,325.4775,2,4,4,244,At Risk,High Value
16372,33,2,355.73,158,177.865,3,3,2,332,Regular Customers,Medium Value
16374,66,2,466.73,237,233.365,3,3,2,332,Regular Customers,Medium Value
16376,9,2,974.96,691,487.48,5,3,4,534,Potential Loyalists,Medium Value
16377,267,1,676.2,1500,676.2,1,2,3,123,Lost Customers,Medium Value
16378,247,3,362.95,267,120.98333333333333,1,4,2,142,At Risk,Medium Value
16379,4,4,2157.4,1410,539.35,5,4,5,545,Champions,High Value
16380,61,1,1743.1499999999999,1428,1743.1499999999999,3,2,4,324,Big Spenders,High Value
16383,75,2,643.76,467,321.88,2,3,3,233,At Risk,Medium Value
16384,90,2,584.5,260,292.25,2,3,3,233,At Risk,Medium Value
16385,60,3,554.86,258,184.95333333333335,3,4,3,343,Loyal Customers,Medium Value
16386,29,2,302.57,205,151.285,4,3,2,432,Potential Loyalists,Medium Value
16387,323,1,94.36,44,94.36,1,2,1,121,Lost Customers,Low Value
16389,53,4,1382.07,1242,345.5175,3,4,4,344,Loyal Customers,High Value
16392,270,1,217.89000000000001,201,217.89000000000001,1,2,1,121,Lost Customers,Low Value
16393,2,13,3040.96,1573,233.92000000000002,5,5,5,555,Champions,High Value
16394,57,5,1555.34,2604,311.068,3,4,4,344,Loyal Customers,High Value
16395,61,5,1482.06,1472,296.412,3,4,4,344,Loyal Customers,High Value
16398,154,2,1705.8,758,852.9,2,3,4,234,Big Spenders,High Value
16399,19,2,408.02,263,204.01,4,3,2,432,Potential Loyalists,Medium Value
16400,95,1,303.93,172,303.93,2,2,2,222,Lost Customers,Medium Value
16401,1,12,4098.32,3882,341.52666666666664,5,5,5,555,Champions,High Value
16402,265,2,293.45,146,146.725,1,3,2,132,At Risk,Medium Value
16403,312,1,177.5,114,177.5,1,2,1,121,Lost Customers,Low Value
16404,70,1,443.05,157,443.05,3,2,2,322,Regular Customers,Medium Value
16405,302,2,167.25,187,83.625,1,3,1,131,At Risk,Low Value
16406,19,1,154.35,116,154.35,4,2,1,421,New Customers,Low Value
16407,13,10,2079.68,1093,207.968,5,5,5,555,Champions,High Value
16409,36,5,2022.98,1304,404.596,3,4,4,344,Loyal Customers,High Value
16411,19,2,211.7,131,105.85,4,3,1,431,Regular Customers,Low Value
16412,54,1,135.99,63,135.99,3,2,1,321,Regular Customers,Low Value
16413,57,1,262.2,148,262.2,3,2,2,322,Regular Customers,Medium Value
16414,22,2,126.25,27,63.125,4,3,1,431,Regular Customers,Low Value
16415,44,1,200.27,178,200.27,3,2,1,321,Regular Customers,Low Value
16416,27,3,1051.4,672,350.4666666666667,4,4,4,444,Champions,High Value
16418,45,3,631.12,280,210.37333333333333,3,4,3,343,Loyal Customers,Medium Value
16419,113,6,958.71,428,159.785,2,5,4,254,At Risk,Medium Value
16422,17,51,34684.4,33704,680.086274509804,4,5,5,455,Champions,Very High Value
16423,25,1,346.12,230,346.12,4,2,2,422,Potential Loyalists,Medium Value
16424,191,1,133.56,88,133.56,1,2,1,121,Lost Customers,Low Value
16425,302,1,302.7,199,302.7,1,2,2,122,Lost Customers,Medium Value
16426,2,10,1863.76,1215,186.376,5,5,4,554,Champions,High Value
16427,263,2,241.06,156,120.53,1,3,1,131,At Risk,Low Value
16429,106,1,284.55,9,284.55,2,2,2,222,Lost Customers,Medium Value
16430,57,1,300.85,103,300.85,3,2,2,322,Regular Customers,Medium Value
16431,213,3,623.28,442,207.76,1,4,3,143,At Risk,Medium Value
16432,64,1,287.4,276,287.4,3,2,2,322,Regular Customers,Medium Value
16433,28,1,184.26,106,184.26,4,2,1,421,New Customers,Low Value
16434,29,7,1511.8,760,215.97142857142856,4,5,4,454,Champions,High Value
16438,6,5,798.35,463,159.67000000000002,5,4,3,543,Loyal Customers,Medium Value
16440,8,5,3640.67,2018,728.134,5,4,5,545,Champions,High Value
16441,67,2,381.2,173,190.6,3,3,2,332,Regular Customers,Medium Value
16442,2,3,609.3,443,203.1,5,4,3,543,Loyal Customers,Medium Value
16444,46,4,654.67,407,163.6675,3,4,3,343,Loyal Customers,Medium Value
16445,34,1,230.51,111,230.51,3,2,1,321,Regular Customers,Low Value
16446,1,2,168472.5,80997,84236.25,5,3,5,535,Potential Loyalists,Very High Value
16447,136,1,255.91000000000003,221,255.91000000000003,2,2,2,222,Lost Customers,Medium Value
16448,198,1,182.99,76,182.99,1,2,1,121,Lost Customers,Low Value
16449,198,2,707.69,367,353.845,1,3,3,133,At Risk,Medium Value
16450,150,1,311.92,200,311.92,2,2,2,222,Lost Customers,Medium Value
16451,88,1,266.97,120,266.97,2,2,2,222,Lost Customers,Medium Value
16454,45,2,6.9,3,3.45,3,3,1,331,Regular Customers,Low Value
16455,64,7,1841.18,988,263.0257142857143,3,5,4,354,Loyal Customers,High Value
16456,99,5,2158.18,1147,431.63599999999997,2,4,5,245,At Risk,High Value
16457,218,1,208.36,140,208.36,1,2,1,121,Lost Customers,Low Value
16458,3,18,3482.7400000000002,2154,193.48555555555558,5,5,5,555,Champions,High Value
16460,28,3,811.23,876,270.41,4,4,3,443,Loyal Customers,Medium Value
16461,178,1,142.92,48,142.92,2,2,1,221,Lost Customers,Low Value
16462,74,3,136.0,16,45.333333333333336,2,4,1,241,At Risk,Low Value
16463,21,4,1422.4,1163,355.6,4,4,4,444,Champions,High Value
16464,20,3,1298.66,952,432.8866666666667,4,4,4,444,Champions,High Value
16466,34,7,1595.96,785,227.99428571428572,3,5,4,354,Loyal Customers,High Value
16468,74,1,74.9,31,74.9,2,2,1,221,Lost Customers,Low Value
16469,24,4,625.42,260,156.355,4,4,3,443,Loyal Customers,Medium Value
16470,52,4,752.77,522,188.1925,3,4,3,343,Loyal Customers,Medium Value
16471,275,1,223.95000000000002,141,223.95000000000002,1,2,1,121,Lost Customers,Low Value
16473,165,3,316.11,196,105.37,2,4,2,242,At Risk,Medium Value
16474,7,7,1810.65,909,258.6642857142857,5,5,4,554,Champions,High Value
16475,88,4,544.3,319,136.075,2,4,3,243,At Risk,Medium Value
16477,64,7,2494.46,1415,356.3514285714286,3,5,5,355,Loyal Customers,High Value
16478,25,3,331.0,224,110.33333333333333,4,4,2,442,Potential Loyalists,Medium Value
16479,10,2,300.83,102,150.415,5,3,2,532,Potential Loyalists,Medium Value
16480,76,1,769.29,455,769.29,2,2,3,223,Lost Customers,Medium Value
16482,16,1,220.62,346,220.62,4,2,1,421,New Customers,Low Value
16483,192,1,139.35,44,139.35,1,2,1,121,Lost Customers,Low Value
16484,174,2,404.3,200,202.15,2,3,2,232,At Risk,Medium Value
16485,77,1,363.65,235,363.65,2,2,2,222,Lost Customers,Medium Value
16488,33,3,498.8,728,166.26666666666668,3,4,3,343,Loyal Customers,Medium Value
16491,47,1,731.5,478,731.5,3,2,3,323,Regular Customers,Medium Value
16493,80,4,1351.63,1164,337.9075,2,4,4,244,At Risk,High Value
16494,297,1,826.53,675,826.53,1,2,3,123,Lost Customers,Medium Value
16495,3,3,648.26,328,216.08666666666667,5,4,3,543,Loyal Customers,Medium Value
16496,9,3,1599.52,1111,533.1733333333333,5,4,4,544,Champions,High Value
16497,50,6,2965.69,1396,494.2816666666667,3,5,5,355,Loyal Customers,High Value
16498,161,2,100.97,45,50.485,2,3,1,231,At Risk,Low Value
16499,360,2,365.45,127,182.725,1,3,2,132,At Risk,Medium Value
16500,5,6,400.86,123,66.81,5,5,2,552,Potential Loyalists,Medium Value
16503,107,4,1431.93,569,357.9825,2,4,4,244,At Risk,High Value
16504,25,1,465.88,510,465.88,4,2,2,422,Potential Loyalists,Medium Value
16505,32,1,777.6,576,777.6,4,2,3,423,Potential Loyalists,Medium Value
16506,20,2,90.30000000000001,42,45.150000000000006,4,3,1,431,Regular Customers,Low Value
16509,297,1,363.70000000000005,64,363.70000000000005,1,2,2,122,Lost Customers,Medium Value
16510,372,1,248.1,92,248.1,1,2,1,121,Lost Customers,Low Value
16511,22,3,918.33,405,306.11,4,4,3,443,Loyal Customers,Medium Value
16513,5,4,874.59,407,218.6475,5,4,3,543,Loyal Customers,Medium Value
16515,52,5,1624.14,826,324.82800000000003,3,4,4,344,Loyal Customers,High Value
16516,30,1,101.7,58,101.7,4,2,1,421,New Customers,Low Value
16517,277,1,162.7,96,162.7,1,2,1,121,Lost Customers,Low Value
16518,61,2,484.32,327,242.16,3,3,2,332,Regular Customers,Medium Value
16519,25,2,215.08,54,107.54,4,3,1,431,Regular Customers,Low Value
16520,186,3,1046.57,558,348.8566666666666,1,4,4,144,At Risk,High Value
16523,2,21,9418.470000000001,4265,448.4985714285715,5,5,5,555,Champions,Very High Value
16525,2,26,13027.45,7397,501.0557692307693,5,5,5,555,Champions,Very High Value
16526,172,1,290.36,106,290.36,2,2,2,222,Lost Customers,Medium Value
16527,81,1,228.06,106,228.06,2,2,1,221,Lost Customers,Low Value
16528,4,1,244.41,171,244.41,5,2,1,521,New Customers,Low Value
16529,190,1,455.25,198,455.25,1,2,2,122,Lost Customers,Medium Value
16531,22,7,1244.59,915,177.79857142857142,4,5,4,454,Champions,High Value
16532,18,3,6748.8,2016,2249.6,4,4,5,445,Champions,Very High Value
16533,19,3,1082.81,611,360.93666666666667,4,4,4,444,Champions,High Value
16535,5,1,593.75,356,593.75,5,2,3,523,Potential Loyalists,Medium Value
16536,110,1,548.12,250,548.12,2,2,3,223,Lost Customers,Medium Value
16539,3,4,1388.81,477,347.2025,5,4,4,544,Champions,High Value
16542,54,1,119.62,46,119.62,3,2,1,321,Regular Customers,Low Value
16545,165,1,339.29999999999995,78,339.29999999999995,2,2,2,222,Lost Customers,Medium Value
16546,291,2,787.15,549,393.575,1,3,3,133,At Risk,Medium Value
16549,10,10,4034.9,2294,403.49,5,5,5,555,Champions,High Value
16550,109,5,2298.97,1540,459.794,2,4,5,245,At Risk,High Value
16551,96,3,922.12,970,307.37333333333333,2,4,3,243,At Risk,Medium Value
16552,243,2,379.73,219,189.865,1,3,2,132,At Risk,Medium Value
16553,163,12,5719.82,4600,476.65166666666664,2,5,5,255,At Risk,Very High Value
16554,42,3,837.1,402,279.03333333333336,3,4,3,343,Loyal Customers,Medium Value
16555,35,2,285.89,175,142.945,3,3,2,332,Regular Customers,Medium Value
16556,67,7,3313.79,1890,473.3985714285714,3,5,5,355,Loyal Customers,High Value
16557,24,2,281.85,111,140.925,4,3,2,432,Potential Loyalists,Medium Value
16558,1,20,8338.49,5377,416.92449999999997,5,5,5,555,Champions,Very High Value
16560,27,2,841.41,500,420.705,4,3,3,433,Potential Loyalists,Medium Value
16561,6,2,511.12,244,255.56,5,3,3,533,Potential Loyalists,Medium Value
16563,54,1,1077.74,486,1077.74,3,2,4,324,Big Spenders,High Value
16565,364,1,173.7,46,173.7,1,2,1,121,Lost Customers,Low Value
16566,15,5,614.66,362,122.93199999999999,4,4,3,443,Loyal Customers,Medium Value
16567,194,2,865.6,996,432.8,1,3,3,133,At Risk,Medium Value
16569,3,1,124.2,93,124.2,5,2,1,521,New Customers,Low Value
16570,15,10,3738.4,2112,373.84000000000003,4,5,5,455,Champions,High Value
16571,27,3,1421.69,1239,473.8966666666667,4,4,4,444,Champions,High Value
16572,127,3,1009.6,532,336.53333333333336,2,4,4,244,At Risk,High Value
16573,85,2,663.61,360,331.805,2,3,3,233,At Risk,Medium Value
16574,71,1,451.44,416,451.44,3,2,2,322,Regular Customers,Medium Value
16581,183,1,105.84,134,105.84,1,2,1,121,Lost Customers,Low Value
16582,113,1,313.62,164,313.62,2,2,2,222,Lost Customers,Medium Value
16583,374,1,233.45000000000002,111,233.45000000000002,1,2,1,121,Lost Customers,Low Value
16584,80,2,936.08,646,468.04,2,3,4,234,Big Spenders,Medium Value
16586,249,1,463.95,95,463.95,1,2,2,122,Lost Customers,Medium Value
16587,232,1,225.15,71,225.15,1,2,1,121,Lost Customers,Low Value
16589,71,3,459.24,368,153.08,3,4,2,342,Regular Customers,Medium Value
16591,69,1,213.5,41,213.5,3,2,1,321,Regular Customers,Low Value
16592,4,16,4113.68,2927,257.105,5,5,5,555,Champions,High Value
16593,51,3,330.03,116,110.00999999999999,3,4,2,342,Regular Customers,Medium Value
16594,75,1,181.09,64,181.09,2,2,1,221,Lost Customers,Low Value
16595,61,1,360.16,335,360.16,3,2,2,322,Regular Customers,Medium Value
16596,16,2,250.15,97,125.075,4,3,2,432,Potential Loyalists,Medium Value
16597,4,1,90.04,184,90.04,5,2,1,521,New Customers,Low Value
16598,286,1,145.05,73,145.05,1,2,1,121,Lost Customers,Low Value
16600,4,6,813.52,1145,135.58666666666667,5,5,3,553,Loyal Customers,Medium Value
16601,41,1,242.7,133,242.7,3,2,1,321,Regular Customers,Low Value
16602,36,1,528.08,336,528.08,3,2,3,323,Regular Customers,Medium Value
16603,75,2,482.47,480,241.235,2,3,2,232,At Risk,Medium Value
16607,18,14,3347.71,2859,239.12214285714285,4,5,5,455,Champions,High Value
16609,15,7,5493.46,2420,784.78,4,5,5,455,Champions,Very High Value
16610,219,1,75.66,66,75.66,1,2,1,121,Lost Customers,Low Value
16611,186,1,129.49,47,129.49,1,2,1,121,Lost Customers,Low Value
16612,33,4,1187.66,506,296.915,3,4,4,344,Loyal Customers,High Value
16613,70,1,618.59,293,618.59,3,2,3,323,Regular Customers,Medium Value
16614,183,1,506.19,223,506.19,1,2,3,123,Lost Customers,Medium Value
16616,15,2,500.42,370,250.21,4,3,3,433,Potential Loyalists,Medium Value
16617,236,1,151.85,91,151.85,1,2,1,121,Lost Customers,Low Value
16618,31,5,2647.59,1363,529.518,4,4,5,445,Champions,High Value
16619,264,1,226.21,133,226.21,1,2,1,121,Lost Customers,Low Value
16620,4,2,178.96,88,89.48,5,3,1,531,Regular Customers,Low Value
16621,52,4,813.48,302,203.37,3,4,3,343,Loyal Customers,Medium Value
16623,246,1,129.45000000000002,39,129.45000000000002,1,2,1,121,Lost Customers,Low Value
16624,81,2,810.5699999999999,488,405.28499999999997,2,3,3,233,At Risk,Medium Value
16625,275,1,333.08,164,333.08,1,2,2,122,Lost Customers,Medium Value
16626,1,17,4413.1,2690,259.59411764705885,5,5,5,555,Champions,High Value
16627,79,1,322.8,162,322.8,2,2,2,222,Lost Customers,Medium Value
16628,30,5,2188.05,1205,437.61,4,4,5,445,Champions,High Value
16629,74,2,408.63,489,204.315,2,3,2,232,At Risk,Medium Value
16633,17,6,2883.1,1138,480.51666666666665,4,5,5,455,Champions,High Value
16634,223,2,217.9,82,108.95,1,3,1,131,At Risk,Low Value
16637,32,4,1154.47,927,288.6175,4,4,4,444,Champions,High Value
16638,23,10,1680.72,1255,168.072,4,5,4,454,Champions,High Value
16639,31,3,1257.51,510,419.17,4,4,4,444,Champions,High Value
16641,106,1,231.1,256,231.1,2,2,1,221,Lost Customers,Low Value
16642,5,2,688.33,479,344.165,5,3,3,533,Potential Loyalists,Medium Value
16643,246,1,487.51,269,487.51,1,2,3,123,Lost Customers,Medium Value
16644,178,2,833.78,826,416.89,2,3,3,233,At Risk,Medium Value
16647,170,2,214.06,146,107.03,2,3,1,231,At Risk,Low Value
16648,43,1,290.66,281,290.66,3,2,2,322,Regular Customers,Medium Value
16650,72,1,518.42,372,518.42,2,2,3,223,Lost Customers,Medium Value
16652,59,7,6773.97,3283,967.71,3,5,5,355,Loyal Customers,Very High Value
16653,16,2,1212.66,733,606.33,4,3,4,434,Potential Loyalists,High Value
16654,141,4,601.27,282,150.3175,2,4,3,243,At Risk,Medium Value
16655,18,6,3789.52,2363,631.5866666666667,4,5,5,455,Champions,High Value
16656,22,15,8625.8,8894,575.0533333333333,4,5,5,455,Champions,Very High Value
16657,10,4,874.43,1130,218.6075,5,4,3,543,Loyal Customers,Medium Value
16658,368,1,123.24,40,123.24,1,2,1,121,Lost Customers,Low Value
16659,189,1,39.12,72,39.12,1,2,1,121,Lost Customers,Low Value
16660,16,4,1267.65,571,316.9125,4,4,4,444,Champions,High Value
16665,362,1,135.4,59,135.4,1,2,1,121,Lost Customers,Low Value
16666,19,1,118.97999999999999,233,118.97999999999999,4,2,1,421,New Customers,Low Value
16667,68,2,567.1800000000001,236,283.59000000000003,3,3,3,333,Regular Customers,Medium Value
16668,15,6,306.72,318,51.120000000000005,4,5,2,452,Potential Loyalists,Medium Value
16669,24,3,1348.88,881,449.6266666666667,4,4,4,444,Champions,High Value
16670,17,11,4095.9,2556,372.3545454545455,4,5,5,455,Champions,High Value
16671,28,3,1692.27,875,564.09,4,4,4,444,Champions,High Value
16672,2,20,8134.9400000000005,2832,406.747,5,5,5,555,Champions,Very High Value
16674,55,2,304.24,181,152.12,3,3,2,332,Regular Customers,Medium Value
16676,34,4,1592.1200000000001,636,398.03000000000003,3,4,4,344,Loyal Customers,High Value
16678,3,12,3109.99,2397,259.1658333333333,5,5,5,555,Champions,High Value
16679,366,1,129.75,29,129.75,1,2,1,121,Lost Customers,Low Value
16680,43,1,183.7,94,183.7,3,2,1,321,Regular Customers,Low Value
16681,73,6,1770.3400000000001,1407,295.0566666666667,2,5,4,254,At Risk,High Value
16682,5,5,1028.0,1040,205.6,5,4,4,544,Champions,High Value
16684,4,28,66653.56,50255,2380.4842857142858,5,5,5,555,Champions,Very High Value
16685,61,2,324.24,396,162.12,3,3,2,332,Regular Customers,Medium Value
16686,47,7,2959.88,1977,422.84000000000003,3,5,5,355,Loyal Customers,High Value
16688,1,4,1260.8600000000001,804,315.21500000000003,5,4,4,544,Champions,High Value
16689,76,2,422.6,330,211.3,2,3,2,232,At Risk,Medium Value
16690,72,2,225.58,138,112.79,2,3,1,231,At Risk,Low Value
16692,256,2,1276.0,152,638.0,1,3,4,134,Big Spenders,High Value
16693,69,2,477.86,203,238.93,3,3,2,332,Regular Customers,Medium Value
16696,135,4,657.9,146,164.475,2,4,3,243,At Risk,Medium Value
16697,241,1,112.75,27,112.75,1,2,1,121,Lost Customers,Low Value
16698,227,2,1998.0,840,999.0,1,3,4,134,Big Spenders,High Value
16700,9,13,5076.55,4024,390.50384615384615,5,5,5,555,Champions,Very High Value
16701,9,13,5398.3,6393,415.25384615384615,5,5,5,555,Champions,Very High Value
16705,1,20,14034.99,5476,701.7495,5,5,5,555,Champions,Very High Value
16706,37,3,531.35,249,177.11666666666667,3,4,3,343,Loyal Customers,Medium Value
16708,46,1,656.63,285,656.63,3,2,3,323,Regular Customers,Medium Value
16709,85,5,3029.87,851,605.9739999999999,2,4,5,245,At Risk,High Value
16710,19,10,2467.9900000000002,1823,246.79900000000004,4,5,5,455,Champions,High Value
16711,3,5,1651.03,833,330.206,5,4,4,544,Champions,High Value
16712,9,11,3611.31,1730,328.3009090909091,5,5,5,555,Champions,High Value
16713,19,15,6910.78,4271,460.71866666666665,4,5,5,455,Champions,Very High Value
16714,219,3,1129.06,589,376.3533333333333,1,4,4,144,At Risk,High Value
16715,78,1,301.71999999999997,642,301.71999999999997,2,2,2,222,Lost Customers,Medium Value
16716,267,2,901.2,120,450.6,1,3,3,133,At Risk,Medium Value
16717,24,6,3843.08,1860,640.5133333333333,4,5,5,455,Champions,High Value
16718,369,1,606.05,407,606.05,1,2,3,123,Lost Customers,Medium Value
16719,15,7,1770.22,1175,252.88857142857142,4,5,4,454,Champions,High Value
16720,26,1,152.95,180,152.95,4,2,1,421,New Customers,Low Value
16721,262,1,292.47,172,292.47,1,2,2,122,Lost Customers,Medium Value
16722,17,13,4730.81,5001,363.90846153846155,4,5,5,455,Champions,High Value
16723,91,2,576.4,398,288.2,2,3,3,233,At Risk,Medium Value
16725,302,7,758.27,288,108.32428571428571,1,5,3,153,At Risk,Medium Value
16726,26,5,1358.74,945,271.748,4,4,4,444,Champions,High Value
16727,364,1,256.32,167,256.32,1,2,2,122,Lost Customers,Medium Value
16728,46,4,1048.28,671,262.07,3,4,4,344,Loyal Customers,High Value
16729,38,21,7205.33,5722,343.11095238095237,3,5,5,355,Loyal Customers,Very High Value
16730,52,3,743.11,994,247.70333333333335,3,4,3,343,Loyal Customers,Medium Value
16732,32,1,603.75,317,603.75,4,2,3,423,Potential Loyalists,Medium Value
16734,52,3,646.76,345,215.58666666666667,3,4,3,343,Loyal Customers,Medium Value
16735,79,5,2247.41,1532,449.48199999999997,2,4,5,245,At Risk,High Value
16737,53,1,417.6,288,417.6,3,2,2,322,Regular Customers,Medium Value
16738,298,1,3.75,3,3.75,1,2,1,121,Lost Customers,Low Value
16739,177,1,323.0,172,323.0,2,2,2,222,Lost Customers,Medium Value
16742,47,1,464.9,1,464.9,3,2,2,322,Regular Customers,Medium Value
16743,29,7,2213.13,2035,316.1614285714286,4,5,5,455,Champions,High Value
16744,11,7,1291.91,798,184.55857142857144,5,5,4,554,Champions,High Value
16745,87,17,7180.7,6719,422.3941176470588,2,5,5,255,At Risk,Very High Value
16746,5,18,6680.11,4660,371.1172222222222,5,5,5,555,Champions,Very High Value
16747,38,2,836.0600000000001,583,418.03000000000003,3,3,3,333,Regular Customers,Medium Value
16748,18,5,1515.9,880,303.18,4,4,4,444,Champions,High Value
16750,45,5,623.93,214,124.78599999999999,3,4,3,343,Loyal Customers,Medium Value
16751,31,1,1764.72,1031,1764.72,4,2,4,424,Potential Loyalists,High Value
16752,373,1,207.5,54,207.5,1,2,1,121,Lost Customers,Low Value
16753,58,1,223.92000000000002,189,223.92000000000002,3,2,1,321,Regular Customers,Low Value
16754,372,1,2002.4,4280,2002.4,1,2,4,124,Big Spenders,High Value
16755,114,3,1475.43,1058,491.81,2,4,4,244,At Risk,High Value
16756,215,1,239.4,106,239.4,1,2,1,121,Lost Customers,Low Value
16757,319,1,106.83000000000001,81,106.83000000000001,1,2,1,121,Lost Customers,Low Value
16758,65,1,369.34,203,369.34,3,2,2,322,Regular Customers,Medium Value
16759,8,3,789.79,609,263.2633333333333,5,4,3,543,Loyal Customers,Medium Value
16761,97,1,316.62,341,316.62,2,2,2,222,Lost Customers,Medium Value
16762,20,3,1207.24,480,402.41333333333336,4,4,4,444,Champions,High Value
16763,199,1,611.8499999999999,319,611.8499999999999,1,2,3,123,Lost Customers,Medium Value
16764,4,13,2790.95,1253,214.68846153846152,5,5,5,555,Champions,High Value
16765,294,1,34.0,4,34.0,1,2,1,121,Lost Customers,Low Value
16766,273,2,1145.6,536,572.8,1,3,4,134,Big Spenders,High Value
16767,31,11,5575.56,4423,506.86909090909097,4,5,5,455,Champions,Very High Value
16768,48,3,478.09000000000003,196,159.36333333333334,3,4,2,342,Regular Customers,Medium Value
16769,260,1,361.54,80,361.54,1,2,2,122,Lost Customers,Medium Value
16770,58,5,757.1,456,151.42000000000002,3,4,3,343,Loyal Customers,Medium Value
16771,33,5,2242.61,1487,448.52200000000005,3,4,5,345,Loyal Customers,High Value
16773,57,1,171.59,171,171.59,3,2,1,321,Regular Customers,Low Value
16774,68,4,661.52,322,165.38,3,4,3,343,Loyal Customers,Medium Value
16775,10,11,1691.51,439,153.77363636363637,5,5,4,554,Champions,High Value
16776,60,1,371.54,254,371.54,3,2,2,322,Regular Customers,Medium Value
16777,80,2,222.62,62,111.31,2,3,1,231,At Risk,Low Value
16778,74,2,245.94,194,122.97,2,3,1,231,At Risk,Low Value
16779,2,22,10611.72,5301,482.35090909090906,5,5,5,555,Champions,Very High Value
16780,100,2,422.24,270,211.12,2,3,2,232,At Risk,Medium Value
16781,372,1,311.25,113,311.25,1,2,2,122,Lost Customers,Medium Value
16782,10,13,2267.9500000000003,705,174.45769230769233,5,5,5,555,Champions,High Value
16784,20,1,107.6,24,107.6,4,2,1,421,New Customers,Low Value
16788,123,2,594.39,304,297.195,2,3,3,233,At Risk,Medium Value
16789,8,1,80.80000000000001,32,80.80000000000001,5,2,1,521,New Customers,Low Value
16790,4,6,1545.6200000000001,898,257.60333333333335,5,5,4,554,Champions,High Value
16791,29,7,1705.78,757,243.68285714285713,4,5,4,454,Champions,High Value
16792,282,2,110.38,44,55.19,1,3,1,131,At Risk,Low Value
16793,57,1,243.84,146,243.84,3,2,1,321,Regular Customers,Low Value
16794,1,10,1196.5,923,119.65,5,5,4,554,Champions,High Value
16795,365,1,414.88,239,414.88,1,2,2,122,Lost Customers,Medium Value
16796,89,1,305.62,186,305.62,2,2,2,222,Lost Customers,Medium Value
16800,11,1,1162.65,524,1162.65,5,2,4,524,Potential Loyalists,High Value
16801,163,4,1594.23,493,398.5575,2,4,4,244,At Risk,High Value
16803,65,1,332.3,245,332.3,3,2,2,322,Regular Customers,Medium Value
16804,23,3,536.99,246,178.99666666666667,4,4,3,443,Loyal Customers,Medium Value
16805,174,2,460.59,539,230.295,2,3,2,232,At Risk,Medium Value
16806,103,4,762.16,356,190.54,2,4,3,243,At Risk,Medium Value
16807,143,3,1121.59,778,373.8633333333333,2,4,4,244,At Risk,High Value
16808,99,2,288.42,196,144.21,2,3,2,232,At Risk,Medium Value
16809,23,5,914.69,652,182.93800000000002,4,4,3,443,Loyal Customers,Medium Value
16810,192,1,309.54,114,309.54,1,2,2,122,Lost Customers,Medium Value
16811,5,2,547.07,477,273.535,5,3,3,533,Potential Loyalists,Medium Value
16812,361,1,479.35,81,479.35,1,2,2,122,Lost Customers,Medium Value
16813,8,10,1652.18,1501,165.21800000000002,5,5,4,554,Champions,High Value
16814,14,21,6416.7,2697,305.5571428571428,4,5,5,455,Champions,Very High Value
16816,103,4,417.06,274,104.265,2,4,2,242,At Risk,Medium Value
16817,3,9,1604.75,822,178.30555555555554,5,5,4,554,Champions,High Value
16818,11,11,3349.57,2164,304.50636363636363,5,5,5,555,Champions,High Value
16820,96,1,497.61,307,497.61,2,2,3,223,Lost Customers,Medium Value
16823,227,1,358.38,136,358.38,1,2,2,122,Lost Customers,Medium Value
16824,16,2,460.64,236,230.32,4,3,2,432,Potential Loyalists,Medium Value
16825,39,2,775.18,566,387.59,3,3,3,333,Regular Customers,Medium Value
16826,51,1,341.7,158,341.7,3,2,2,322,Regular Customers,Medium Value
16828,93,2,128.5,59,64.25,2,3,1,231,At Risk,Low Value
16829,157,1,197.22,99,197.22,2,2,1,221,Lost Customers,Low Value
16830,39,1,325.91,264,325.91,3,2,2,322,Regular Customers,Medium Value
16832,184,3,199.15,33,66.38333333333334,1,4,1,141,At Risk,Low Value
16833,1,4,1106.53,440,276.6325,5,4,4,544,Champions,High Value
16834,228,1,413.46,358,413.46,1,2,2,122,Lost Customers,Medium Value
16835,128,2,180.85,61,90.425,2,3,1,231,At Risk,Low Value
16836,40,2,251.87,165,125.935,3,3,2,332,Regular Customers,Medium Value
16837,31,11,3170.98,1563,288.2709090909091,4,5,5,455,Champions,High Value
16838,197,2,588.85,185,294.425,1,3,3,133,At Risk,Medium Value
16839,9,34,16594.35,8975,488.06911764705876,5,5,5,555,Champions,Very High Value
16841,37,6,1869.82,2250,311.63666666666666,3,5,4,354,Loyal Customers,High Value
16842,101,3,1264.19,693,421.3966666666667,2,4,4,244,At Risk,High Value
16843,43,16,10196.57,10159,637.285625,3,5,5,355,Loyal Customers,Very High Value
16846,50,1,214.32,135,214.32,3,2,1,321,Regular Customers,Low Value
16847,43,1,193.44,78,193.44,3,2,1,321,Regular Customers,Low Value
16848,53,1,281.42,182,281.42,3,2,2,322,Regular Customers,Medium Value
16849,187,1,124.57,33,124.57,1,2,1,121,Lost Customers,Low Value
16850,334,1,332.41,249,332.41,1,2,2,122,Lost Customers,Medium Value
16851,4,3,342.45,271,114.14999999999999,5,4,2,542,Potential Loyalists,Medium Value
16852,10,2,144.91,56,72.455,5,3,1,531,Regular Customers,Low Value
16855,24,2,328.40000000000003,164,164.20000000000002,4,3,2,432,Potential Loyalists,Medium Value
16856,15,1,35.400000000000006,12,35.400000000000006,4,2,1,421,New Customers,Low Value
16858,369,1,375.69000000000005,91,375.69000000000005,1,2,2,122,Lost Customers,Medium Value
16859,145,2,747.81,827,373.905,2,3,3,233,At Risk,Medium Value
16861,60,2,173.76,140,86.88,3,3,1,331,Regular Customers,Low Value
16863,31,2,502.8,409,251.4,4,3,3,433,Potential Loyalists,Medium Value
16866,141,3,207.74,60,69.24666666666667,2,4,1,241,At Risk,Low Value
16869,23,4,817.12,583,204.28,4,4,3,443,Loyal Customers,Medium Value
16871,22,6,2812.34,1253,468.72333333333336,4,5,5,455,Champions,High Value
16872,77,3,680.02,600,226.67333333333332,2,4,3,243,At Risk,Medium Value
16873,5,6,7123.62,3840,1187.27,5,5,5,555,Champions,Very High Value
16875,67,5,2095.53,1069,419.10600000000005,3,4,5,345,Loyal Customers,High Value
16877,12,6,846.62,458,141.10333333333332,5,5,3,553,Loyal Customers,Medium Value
16878,84,1,13.3,12,13.3,2,2,1,221,Lost Customers,Low Value
16880,31,7,1491.43,746,213.0614285714286,4,5,4,454,Champions,High Value
16881,67,1,432.0,600,432.0,3,2,2,322,Regular Customers,Medium Value
16882,67,3,705.12,424,235.04,3,4,3,343,Loyal Customers,Medium Value
16883,187,2,272.48,103,136.24,1,3,2,132,At Risk,Medium Value
16884,38,2,429.84000000000003,320,214.92000000000002,3,3,2,332,Regular Customers,Medium Value
16885,15,3,450.41,178,150.13666666666668,4,4,2,442,Potential Loyalists,Medium Value
16887,35,1,192.33,156,192.33,3,2,1,321,Regular Customers,Low Value
16889,195,3,1578.67,925,526.2233333333334,1,4,4,144,At Risk,High Value
16891,2,5,742.4300000000001,265,148.48600000000002,5,4,3,543,Loyal Customers,Medium Value
16892,1,5,518.19,236,103.638,5,4,3,543,Loyal Customers,Medium Value
16893,367,1,145.93,62,145.93,1,2,1,121,Lost Customers,Low Value
16895,65,1,202.27,91,202.27,3,2,1,321,Regular Customers,Low Value
16897,299,2,289.78,73,144.89,1,3,2,132,At Risk,Medium Value
16898,26,3,501.03,412,167.01,4,4,3,443,Loyal Customers,Medium Value
16899,8,6,1271.06,520,211.84333333333333,5,5,4,554,Champions,High Value
16900,17,3,887.11,833,295.7033333333333,4,4,3,443,Loyal Customers,Medium Value
16902,116,1,1706.88,629,1706.88,2,2,4,224,Big Spenders,High Value
16903,29,1,363.2,247,363.2,4,2,2,422,Potential Loyalists,Medium Value
16904,4,16,3653.75,1984,228.359375,5,5,5,555,Champions,High Value
16905,5,7,3037.6,1381,433.9428571428571,5,5,5,555,Champions,High Value
16906,82,4,559.59,263,139.8975,2,4,3,243,At Risk,Medium Value
16907,29,5,928.76,286,185.752,4,4,3,443,Loyal Customers,Medium Value
16909,72,1,379.14,436,379.14,2,2,2,222,Lost Customers,Medium Value
16910,4,8,1508.96,884,188.62,5,5,4,554,Champions,High Value
16912,29,11,2555.58,1025,232.32545454545453,4,5,5,455,Champions,High Value
16913,290,1,113.44,82,113.44,1,2,1,121,Lost Customers,Low Value
16914,36,1,183.76,112,183.76,3,2,1,321,Regular Customers,Low Value
16915,9,6,621.6800000000001,132,103.61333333333334,5,5,3,553,Loyal Customers,Medium Value
16916,24,2,562.41,431,281.205,4,3,3,433,Potential Loyalists,Medium Value
16917,277,1,391.52,232,391.52,1,2,2,122,Lost Customers,Medium Value
16918,50,6,1068.82,721,178.13666666666666,3,5,4,354,Loyal Customers,High Value
16919,156,11,2592.25,1403,235.6590909090909,2,5,5,255,At Risk,High Value
16921,61,1,154.18,154,154.18,3,2,1,321,Regular Customers,Low Value
16923,12,19,7069.08,3344,372.0568421052632,5,5,5,555,Champions,Very High Value
16924,21,3,829.89,467,276.63,4,4,3,443,Loyal Customers,Medium Value
16926,371,1,230.25,35,230.25,1,2,1,121,Lost Customers,Low Value
16927,116,3,543.05,993,181.01666666666665,2,4,3,243,At Risk,Medium Value
16928,80,17,2814.7,2092,165.5705882352941,2,5,5,255,At Risk,High Value
16929,4,7,1295.39,929,185.0557142857143,5,5,4,554,Champions,High Value
16930,26,3,378.89000000000004,339,126.29666666666668,4,4,2,442,Potential Loyalists,Medium Value
16931,5,21,4554.87,3134,216.89857142857142,5,5,5,555,Champions,High Value
16932,53,1,150.23000000000002,82,150.23000000000002,3,2,1,321,Regular Customers,Low Value
16933,1,2,563.23,288,281.615,5,3,3,533,Potential Loyalists,Medium Value
16934,55,2,931.03,397,465.515,3,3,3,333,Regular Customers,Medium Value
16936,26,1,261.9,171,261.9,4,2,2,422,Potential Loyalists,Medium Value
16938,9,4,2711.6800000000003,2533,677.9200000000001,5,4,5,545,Champions,High Value
16940,52,3,3049.88,2169,1016.6266666666667,3,4,5,345,Loyal Customers,High Value
16942,13,9,1904.99,805,211.66555555555556,5,5,4,554,Champions,High Value
16943,212,3,816.73,145,272.24333333333334,1,4,3,143,At Risk,Medium Value
16945,22,19,4345.5,2725,228.71052631578948,4,5,5,455,Champions,High Value
16947,236,1,406.48,312,406.48,1,2,2,122,Lost Customers,Medium Value
16948,139,3,435.02,1614,145.00666666666666,2,4,2,242,At Risk,Medium Value
16949,4,6,1286.27,791,214.37833333333333,5,5,4,554,Champions,High Value
16950,57,3,1178.56,644,392.8533333333333,3,4,4,344,Loyal Customers,High Value
16951,135,3,1277.75,1318,425.9166666666667,2,4,4,244,At Risk,High Value
16952,109,2,167.60999999999999,92,83.80499999999999,2,3,1,231,At Risk,Low Value
16953,30,1,20.8,10,20.8,4,2,1,421,New Customers,Low Value
16954,1,9,2085.08,1054,231.67555555555555,5,5,5,555,Champions,High Value
16955,185,4,518.67,266,129.6675,1,4,3,143,At Risk,Medium Value
16956,18,1,308.74,114,308.74,4,2,2,422,Potential Loyalists,Medium Value
16957,239,2,416.64,172,208.32,1,3,2,132,At Risk,Medium Value
16959,87,1,117.35,49,117.35,2,2,1,221,Lost Customers,Low Value
16960,39,3,507.05,304,169.01666666666668,3,4,3,343,Loyal Customers,Medium Value
16961,116,1,234.17,125,234.17,2,2,1,221,Lost Customers,Low Value
16963,187,1,110.55000000000001,35,110.55000000000001,1,2,1,121,Lost Customers,Low Value
16965,227,1,201.19,291,201.19,1,2,1,121,Lost Customers,Low Value
16966,8,7,2154.97,1981,307.8528571428571,5,5,5,555,Champions,High Value
16967,189,1,319.02,333,319.02,1,2,2,122,Lost Customers,Medium Value
16968,4,2,439.43,326,219.715,5,3,2,532,Potential Loyalists,Medium Value
16969,39,3,650.41,816,216.8033333333333,3,4,3,343,Loyal Customers,Medium Value
16971,38,1,357.21,72,357.21,3,2,2,322,Regular Customers,Medium Value
16976,267,1,251.51999999999998,88,251.51999999999998,1,2,2,122,Lost Customers,Medium Value
16978,78,1,344.33,166,344.33,2,2,2,222,Lost Customers,Medium Value
16979,4,6,1852.0,865,308.6666666666667,5,5,4,554,Champions,High Value
16980,255,2,1028.46,739,514.23,1,3,4,134,Big Spenders,High Value
16982,61,1,384.06,182,384.06,3,2,2,322,Regular Customers,Medium Value
16983,13,7,1905.8700000000001,1335,272.26714285714286,5,5,4,554,Champions,High Value
16984,88,2,4459.52,2380,2229.76,2,3,5,235,Big Spenders,High Value
16985,17,10,5464.12,1832,546.412,4,5,5,455,Champions,Very High Value
16986,30,2,1873.2,1040,936.6,4,3,4,434,Potential Loyalists,High Value
16987,3,7,1616.8,401,230.97142857142856,5,5,4,554,Champions,High Value
16988,5,1,126.12,43,126.12,5,2,1,521,New Customers,Low Value
16989,7,6,1133.25,1233,188.875,5,5,4,554,Champions,High Value
16990,219,1,179.0,100,179.0,1,2,1,121,Lost Customers,Low Value
16992,11,5,1614.31,860,322.86199999999997,5,4,4,544,Champions,High Value
16996,30,6,1456.96,544,242.82666666666668,4,5,4,454,Champions,High Value
16997,288,3,702.0,360,234.0,1,4,3,143,At Risk,Medium Value
16998,150,4,295.0,76,73.75,2,4,2,242,At Risk,Medium Value
16999,23,2,484.82,294,242.41,4,3,2,432,Potential Loyalists,Medium Value
17001,1,11,3989.57,2164,362.6881818181818,5,5,5,555,Champions,High Value
17002,86,3,1493.73,679,497.91,2,4,4,244,At Risk,High Value
17004,46,2,1312.14,771,656.07,3,3,4,334,Big Spenders,High Value
17006,5,4,781.78,272,195.445,5,4,3,543,Loyal Customers,Medium Value
17007,51,6,889.9300000000001,597,148.3216666666667,3,5,3,353,Loyal Customers,Medium Value
17010,18,1,195.36,118,195.36,4,2,1,421,New Customers,Low Value
17011,30,1,270.9,186,270.9,4,2,2,422,Potential Loyalists,Medium Value
17014,8,3,583.4300000000001,243,194.4766666666667,5,4,3,543,Loyal Customers,Medium Value
17015,29,3,1838.61,1978,612.87,4,4,4,444,Champions,High Value
17017,3,20,8694.26,6673,434.713,5,5,5,555,Champions,Very High Value
17018,41,2,920.1,176,460.05,3,3,3,333,Regular Customers,Medium Value
17019,11,4,1258.08,820,314.52,5,4,4,544,Champions,High Value
17022,31,1,71.0,108,71.0,4,2,1,421,New Customers,Low Value
17024,45,3,95.85,69,31.95,3,4,1,341,Regular Customers,Low Value
17025,61,3,357.77,235,119.25666666666666,3,4,2,342,Regular Customers,Medium Value
17026,185,2,154.83,97,77.415,1,3,1,131,At Risk,Low Value
17027,79,6,877.56,416,146.26,2,5,3,253,At Risk,Medium Value
17029,111,2,716.0,400,358.0,2,3,3,233,At Risk,Medium Value
17030,64,1,146.87,146,146.87,3,2,1,321,Regular Customers,Low Value
17031,12,2,380.35,235,190.175,5,3,2,532,Potential Loyalists,Medium Value
17033,86,3,1030.1399999999999,750,343.37999999999994,2,4,4,244,At Risk,High Value
17034,16,3,745.52,410,248.50666666666666,4,4,3,443,Loyal Customers,Medium Value
17035,246,2,433.53000000000003,229,216.76500000000001,1,3,2,132,At Risk,Medium Value
17037,88,1,1267.32,656,1267.32,2,2,4,224,Big Spenders,High Value
17038,30,1,112.4,28,112.4,4,2,1,421,New Customers,Low Value
17040,138,1,449.73,181,449.73,2,2,2,222,Lost Customers,Medium Value
17041,27,3,1071.49,927,357.16333333333336,4,4,4,444,Champions,High Value
17042,3,5,1036.58,990,207.31599999999997,5,4,4,544,Champions,High Value
17043,32,4,1735.18,998,433.795,4,4,4,444,Champions,High Value
17044,25,1,948.48,504,948.48,4,2,4,424,Potential Loyalists,Medium Value
17045,113,3,339.44,106,113.14666666666666,2,4,2,242,At Risk,Medium Value
17046,157,1,642.02,510,642.02,2,2,3,223,Lost Customers,Medium Value
17047,85,3,1100.9,533,366.9666666666667,2,4,4,244,At Risk,High Value
17048,118,3,925.35,485,308.45,2,4,3,243,At Risk,Medium Value
17049,3,9,5655.03,2673,628.3366666666666,5,5,5,555,Champions,Very High Value
17050,96,6,3185.64,1595,530.9399999999999,2,5,5,255,At Risk,High Value
17051,194,1,240.89,179,240.89,1,2,1,121,Lost Customers,Low Value
17052,28,1,399.09,251,399.09,4,2,2,422,Potential Loyalists,Medium Value
17053,131,1,498.48,122,498.48,2,2,3,223,Lost Customers,Medium Value
17054,28,5,1356.33,804,271.26599999999996,4,4,4,444,Champions,High Value
17058,82,3,1179.89,592,393.2966666666667,2,4,4,244,At Risk,High Value
17059,30,5,3080.39,1850,616.078,4,4,5,445,Champions,High Value
17060,266,1,234.23999999999998,216,234.23999999999998,1,2,1,121,Lost Customers,Low Value
17061,74,11,5232.2300000000005,1526,475.65727272727275,2,5,5,255,At Risk,Very High Value
17062,314,4,533.33,418,133.3325,1,4,3,143,At Risk,Medium Value
17063,21,7,1461.14,770,208.73428571428573,4,5,4,454,Champions,High Value
17064,59,3,855.45,316,285.15000000000003,3,4,3,343,Loyal Customers,Medium Value
17068,12,21,4552.14,2164,216.76857142857145,5,5,5,555,Champions,High Value
17069,28,9,2709.7000000000003,1506,301.0777777777778,4,5,5,455,Champions,High Value
17070,114,1,304.24,131,304.24,2,2,2,222,Lost Customers,Medium Value
17071,28,9,2429.03,1197,269.89222222222224,4,5,5,455,Champions,High Value
17073,18,4,1446.09,759,361.5225,4,4,4,444,Champions,High Value
17075,18,4,834.12,292,208.53,4,4,3,443,Loyal Customers,Medium Value
17076,36,3,841.0799999999999,295,280.35999999999996,3,4,3,343,Loyal Customers,Medium Value
17078,36,2,378.2,788,189.1,3,3,2,332,Regular Customers,Medium Value
17079,78,1,118.80000000000001,24,118.80000000000001,2,2,1,221,Lost Customers,Low Value
17080,22,2,287.62,166,143.81,4,3,2,432,Potential Loyalists,Medium Value
17081,25,2,288.91,77,144.455,4,3,2,432,Potential Loyalists,Medium Value
17082,33,2,2003.85,1049,1001.925,3,3,4,334,Big Spenders,High Value
17083,109,3,1405.78,772,468.5933333333333,2,4,4,244,At Risk,High Value
17084,35,2,2747.9900000000002,1702,1373.9950000000001,3,3,5,335,Big Spenders,High Value
17085,123,5,1562.4,785,312.48,2,4,4,244,At Risk,High Value
17086,7,6,2050.08,1859,341.68,5,5,4,554,Champions,High Value
17088,28,4,1991.01,868,497.7525,4,4,4,444,Champions,High Value
17090,4,7,1974.65,903,282.09285714285716,5,5,4,554,Champions,High Value
17091,3,9,3827.76,1746,425.3066666666667,5,5,5,555,Champions,High Value
17092,50,4,1774.03,1130,443.5075,3,4,4,344,Loyal Customers,High Value
17094,322,1,302.0,152,302.0,1,2,2,122,Lost Customers,Medium Value
17095,23,3,1324.16,618,441.3866666666667,4,4,4,444,Champions,High Value
17096,15,4,1022.13,339,255.5325,4,4,4,444,Champions,High Value
17097,2,8,954.42,459,119.3025,5,5,4,554,Champions,Medium Value
17100,18,2,971.74,800,485.87,4,3,4,434,Potential Loyalists,Medium Value
17101,10,4,1621.73,815,405.4325,5,4,4,544,Champions,High Value
17102,262,1,25.5,2,25.5,1,2,1,121,Lost Customers,Low Value
17105,159,2,665.78,693,332.89,2,3,3,233,At Risk,Medium Value
17107,33,6,10797.48,4826,1799.58,3,5,5,355,Loyal Customers,Very High Value
17109,29,6,881.29,588,146.88166666666666,4,5,3,453,Loyal Customers,Medium Value
17110,165,1,163.29999999999998,50,163.29999999999998,2,2,1,221,Lost Customers,Low Value
17111,47,1,231.61,282,231.61,3,2,1,321,Regular Customers,Low Value
17114,6,8,801.12,215,100.14,5,5,3,553,Loyal Customers,Medium Value
17115,8,3,837.5,372,279.1666666666667,5,4,3,543,Loyal Customers,Medium Value
17117,288,1,116.2,68,116.2,1,2,1,121,Lost Customers,Low Value
17118,318,1,157.02,154,157.02,1,2,1,121,Lost Customers,Low Value
17119,3,2,606.91,334,303.455,5,3,3,533,Potential Loyalists,Medium Value
17120,233,1,307.46,120,307.46,1,2,2,122,Lost Customers,Medium Value
17122,119,1,138.32,80,138.32,2,2,1,221,Lost Customers,Low Value
17123,162,1,345.3,246,345.3,2,2,2,222,Lost Customers,Medium Value
17124,185,1,294.24,129,294.24,1,2,2,122,Lost Customers,Medium Value
17125,50,1,230.5,281,230.5,3,2,1,321,Regular Customers,Low Value
17126,152,5,989.45,780,197.89000000000001,2,4,4,244,At Risk,Medium Value
17128,335,1,157.09,76,157.09,1,2,1,121,Lost Customers,Low Value
17131,5,5,2463.17,983,492.634,5,4,5,545,Champions,High Value
17133,16,7,4892.240000000001,2730,698.8914285714287,4,5,5,455,Champions,High Value
17134,107,2,413.2,98,206.6,2,3,2,232,At Risk,Medium Value
17135,16,7,1139.73,1224,162.81857142857143,4,5,4,454,Champions,High Value
17138,276,1,380.5,126,380.5,1,2,2,122,Lost Customers,Medium Value
17139,16,12,10650.77,5176,887.5641666666667,4,5,5,455,Champions,Very High Value
17140,247,1,454.12,296,454.12,1,2,2,122,Lost Customers,Medium Value
17142,239,1,579.0,81,579.0,1,2,3,123,Lost Customers,Medium Value
17144,1,2,984.57,483,492.285,5,3,4,534,Potential Loyalists,Medium Value
17146,106,3,749.78,212,249.92666666666665,2,4,3,243,At Risk,Medium Value
17147,23,4,1714.5900000000001,882,428.64750000000004,4,4,4,444,Champions,High Value
17148,52,1,124.88,82,124.88,3,2,1,321,Regular Customers,Low Value
17152,195,3,1689.5,517,563.1666666666666,1,4,4,144,At Risk,High Value
17153,24,1,213.78,104,213.78,4,2,1,421,New Customers,Low Value
17154,75,1,329.34,490,329.34,2,2,2,222,Lost Customers,Medium Value
17155,18,2,251.7,242,125.85,4,3,2,432,Potential Loyalists,Medium Value
17157,8,2,319.0,172,159.5,5,3,2,532,Potential Loyalists,Medium Value
17158,32,3,1266.97,778,422.3233333333333,4,4,4,444,Champions,High Value
17159,22,3,1538.88,1111,512.96,4,4,4,444,Champions,High Value
17160,31,6,3518.03,2856,586.3383333333334,4,5,5,455,Champions,High Value
17162,29,10,1715.46,1001,171.546,4,5,4,454,Champions,High Value
17163,22,2,293.1,66,146.55,4,3,2,432,Potential Loyalists,Medium Value
17164,33,7,2467.35,1501,352.4785714285714,3,5,5,355,Loyal Customers,High Value
17165,284,1,158.68,100,158.68,1,2,1,121,Lost Customers,Low Value
17166,39,2,206.34,78,103.17,3,3,1,331,Regular Customers,Low Value
17169,58,2,835.78,526,417.89,3,3,3,333,Regular Customers,Medium Value
17171,289,1,224.91,185,224.91,1,2,1,121,Lost Customers,Low Value
17172,79,1,317.76,480,317.76,2,2,2,222,Lost Customers,Medium Value
17173,5,8,3766.6,1122,470.825,5,5,5,555,Champions,High Value
17174,218,1,59.9,41,59.9,1,2,1,121,Lost Customers,Low Value
17175,44,4,1443.69,866,360.9225,3,4,4,344,Loyal Customers,High Value
17176,202,1,306.13,170,306.13,1,2,2,122,Lost Customers,Medium Value
17179,178,3,711.79,290,237.26333333333332,2,4,3,243,At Risk,Medium Value
17180,56,4,783.97,670,195.9925,3,4,3,343,Loyal Customers,Medium Value
17181,57,2,239.92000000000002,241,119.96000000000001,3,3,1,331,Regular Customers,Low Value
17183,8,6,3347.31,1296,557.885,5,5,5,555,Champions,High Value
17186,47,2,144.0,200,72.0,3,3,1,331,Regular Customers,Low Value
17187,227,1,203.95,144,203.95,1,2,1,121,Lost Customers,Low Value
17188,11,7,2474.23,1328,353.4614285714286,5,5,5,555,Champions,High Value
17189,106,2,383.75,226,191.875,2,3,2,232,At Risk,Medium Value
17190,59,2,444.74,161,222.37,3,3,2,332,Regular Customers,Medium Value
17191,28,7,2093.68,1166,299.09714285714284,4,5,5,455,Champions,High Value
17193,36,7,1699.3,1254,242.75714285714284,3,5,4,354,Loyal Customers,High Value
17194,274,2,262.62,119,131.31,1,3,2,132,At Risk,Medium Value
17197,30,1,1013.01,191,1013.01,4,2,4,424,Potential Loyalists,High Value
17198,24,3,692.22,357,230.74,4,4,3,443,Loyal Customers,Medium Value
17201,54,1,289.78000000000003,231,289.78000000000003,3,2,2,322,Regular Customers,Medium Value
17203,36,6,3560.08,2846,593.3466666666667,3,5,5,355,Loyal Customers,High Value
17204,175,4,1564.56,646,391.14,2,4,4,244,At Risk,High Value
17205,54,1,384.08,884,384.08,3,2,2,322,Regular Customers,Medium Value
17206,53,1,204.24,76,204.24,3,2,1,321,Regular Customers,Low Value
17211,27,8,2317.22,1323,289.6525,4,5,5,455,Champions,High Value
17212,253,1,226.85,147,226.85,1,2,1,121,Lost Customers,Low Value
17213,40,7,2781.23,1176,397.31857142857143,3,5,5,355,Loyal Customers,High Value
17214,60,6,1059.1200000000001,272,176.52,3,5,4,354,Loyal Customers,High Value
17217,234,1,113.5,24,113.5,1,2,1,121,Lost Customers,Low Value
17218,4,10,1951.97,955,195.197,5,5,4,554,Champions,High Value
17219,32,1,114.23,89,114.23,4,2,1,421,New Customers,Low Value
17220,24,14,3187.55,1897,227.68214285714288,4,5,5,455,Champions,High Value
17221,7,2,334.48,287,167.24,5,3,2,532,Potential Loyalists,Medium Value
17222,65,1,328.65,122,328.65,3,2,2,322,Regular Customers,Medium Value
17223,310,2,416.89,110,208.445,1,3,2,132,At Risk,Medium Value
17226,309,1,393.49,406,393.49,1,2,2,122,Lost Customers,Medium Value
17227,19,6,939.32,741,156.55333333333334,4,5,4,454,Champions,Medium Value
17228,16,8,1906.09,1532,238.26125,4,5,4,454,Champions,High Value
17229,96,2,318.76,185,159.38,2,3,2,232,At Risk,Medium Value
17230,264,8,3638.41,1651,454.80125,1,5,5,155,At Risk,High Value
17231,12,10,3124.7200000000003,1724,312.47200000000004,5,5,5,555,Champions,High Value
17232,3,2,417.77,202,208.885,5,3,2,532,Potential Loyalists,Medium Value
17233,35,1,190.88,131,190.88,3,2,1,321,Regular Customers,Low Value
17234,183,1,149.89,55,149.89,1,2,1,121,Lost Customers,Low Value
17235,25,2,550.06,224,275.03,4,3,3,433,Potential Loyalists,Medium Value
17236,13,6,916.13,474,152.68833333333333,5,5,3,553,Loyal Customers,Medium Value
17237,11,2,314.69,105,157.345,5,3,2,532,Potential Loyalists,Medium Value
17238,3,17,3719.1,1807,218.7705882352941,5,5,5,555,Champions,High Value
17239,313,1,382.5,150,382.5,1,2,2,122,Lost Customers,Medium Value
17242,108,2,1135.04,611,567.52,2,3,4,234,Big Spenders,High Value
17243,1,26,8540.05,3320,328.4634615384615,5,5,5,555,Champions,Very High Value
17244,53,1,954.9,616,954.9,3,2,4,324,Big Spenders,Medium Value
17245,205,1,171.45000000000002,75,171.45000000000002,1,2,1,121,Lost Customers,Low Value
17247,15,1,280.09000000000003,105,280.09000000000003,4,2,2,422,Potential Loyalists,Medium Value
17248,120,1,318.65,213,318.65,2,2,2,222,Lost Customers,Medium Value
17250,4,2,381.97,167,190.985,5,3,2,532,Potential Loyalists,Medium Value
17251,363,1,269.83,108,269.83,1,2,2,122,Lost Customers,Medium Value
17252,117,2,348.91,192,174.455,2,3,2,232,At Risk,Medium Value
17253,18,1,178.26,43,178.26,4,2,1,421,New Customers,Low Value
17254,5,2,271.19,251,135.595,5,3,2,532,Potential Loyalists,Medium Value
17255,41,2,291.48,227,145.74,3,3,2,332,Regular Customers,Medium Value
17256,107,2,240.0,141,120.0,2,3,1,231,At Risk,Low Value
17259,148,2,581.23,388,290.615,2,3,3,233,At Risk,Medium Value
17262,52,5,1253.3600000000001,367,250.67200000000003,3,4,4,344,Loyal Customers,High Value
17263,208,1,63.44,36,63.44,1,2,1,121,Lost Customers,Low Value
17265,139,2,550.01,389,275.005,2,3,3,233,At Risk,Medium Value
17266,2,3,296.58,153,98.86,5,4,2,542,Potential Loyalists,Medium Value
17267,127,2,317.2,158,158.6,2,3,2,232,At Risk,Medium Value
17268,108,4,763.64,844,190.91,2,4,3,243,At Risk,Medium Value
17272,42,4,2148.63,1778,537.1575,3,4,5,345,Loyal Customers,High Value
17274,35,1,107.82,77,107.82,3,2,1,321,Regular Customers,Low Value
17277,228,2,1065.3500000000001,430,532.6750000000001,1,3,4,134,Big Spenders,High Value
17278,241,1,246.04000000000002,179,246.04000000000002,1,2,1,121,Lost Customers,Low Value
17279,58,1,187.83,48,187.83,3,2,1,321,Regular Customers,Low Value
17282,130,3,1685.46,1866,561.82,2,4,4,244,At Risk,High Value
17284,60,6,1647.48,1362,274.58,3,5,4,354,Loyal Customers,High Value
17286,22,1,151.37,117,151.37,4,2,1,421,New Customers,Low Value
17287,26,7,1049.06,556,149.8657142857143,4,5,4,454,Champions,High Value
17288,9,7,1417.63,1201,202.51857142857145,5,5,4,554,Champions,High Value
17289,32,3,931.02,513,310.34,4,4,3,443,Loyal Customers,Medium Value
17290,4,2,513.01,397,256.505,5,3,3,533,Potential Loyalists,Medium Value
17291,308,1,550.8000000000001,72,550.8000000000001,1,2,3,123,Lost Customers,Medium Value
17293,8,9,1854.06,1135,206.00666666666666,5,5,4,554,Champions,High Value
17295,29,3,547.0,293,182.33333333333334,4,4,3,443,Loyal Customers,Medium Value
17297,17,1,128.18,65,128.18,4,2,1,421,New Customers,Low Value
17298,101,2,498.42,387,249.21,2,3,3,233,At Risk,Medium Value
17299,12,4,656.61,668,164.1525,5,4,3,543,Loyal Customers,Medium Value
17301,21,1,163.24,137,163.24,4,2,1,421,New Customers,Low Value
17302,15,5,1135.63,575,227.12600000000003,4,4,4,444,Champions,High Value
17303,361,1,250.04,144,250.04,1,2,2,122,Lost Customers,Medium Value
17306,11,19,8631.31,11491,454.2794736842105,5,5,5,555,Champions,Very High Value
17309,95,1,82.75,41,82.75,2,2,1,221,Lost Customers,Low Value
17311,78,2,1384.85,1005,692.425,2,3,4,234,Big Spenders,High Value
17312,139,3,644.3,372,214.76666666666665,2,4,3,243,At Risk,Medium Value
17313,31,1,2328.84,1402,2328.84,4,2,5,425,Potential Loyalists,High Value
17314,25,8,2527.92,1896,315.99,4,5,5,455,Champions,High Value
17315,2,38,6281.2300000000005,3863,165.2955263157895,5,5,5,555,Champions,Very High Value
17317,46,3,2600.34,1146,866.7800000000001,3,4,5,345,Loyal Customers,High Value
17320,100,3,1200.6200000000001,634,400.2066666666667,2,4,4,244,At Risk,High Value
17321,8,2,657.16,364,328.58,5,3,3,533,Potential Loyalists,Medium Value
17323,15,7,906.52,760,129.50285714285715,4,5,3,453,Loyal Customers,Medium Value
17324,18,4,986.48,843,246.62,4,4,4,444,Champions,Medium Value
17325,280,1,96.8,60,96.8,1,2,1,121,Lost Customers,Low Value
17329,14,2,523.11,142,261.555,4,3,3,433,Potential Loyalists,Medium Value
17330,23,2,363.9,120,181.95,4,3,2,432,Potential Loyalists,Medium Value
17331,124,1,175.2,16,175.2,2,2,1,221,Lost Customers,Low Value
17333,86,1,494.25,375,494.25,2,2,3,223,Lost Customers,Medium Value
17334,302,2,307.02000000000004,315,153.51000000000002,1,3,2,132,At Risk,Medium Value
17337,151,4,1981.06,1247,495.265,2,4,4,244,At Risk,High Value
17338,17,8,6493.54,3059,811.6925,4,5,5,455,Champions,Very High Value
17339,94,2,243.36,152,121.68,2,3,1,231,At Risk,Low Value
17340,30,11,12353.29,5967,1123.0263636363636,4,5,5,455,Champions,Very High Value
17341,157,3,682.29,443,227.42999999999998,2,4,3,243,At Risk,Medium Value
17343,355,1,193.64000000000001,56,193.64000000000001,1,2,1,121,Lost Customers,Low Value
17344,46,1,157.62,65,157.62,3,2,1,321,Regular Customers,Low Value
17345,15,4,519.69,341,129.9225,4,4,3,443,Loyal Customers,Medium Value
17346,4,15,2622.88,1617,174.85866666666666,5,5,5,555,Champions,High Value
17347,86,1,228.96,216,228.96,2,2,1,221,Lost Customers,Low Value
17348,15,5,1156.6,1398,231.32,4,4,4,444,Champions,High Value
17349,179,1,98.25,102,98.25,1,2,1,121,Lost Customers,Low Value
17350,8,4,1281.32,770,320.33,5,4,4,544,Champions,High Value
17351,36,3,587.15,113,195.71666666666667,3,4,3,343,Loyal Customers,Medium Value
17353,129,2,1740.0,1200,870.0,2,3,4,234,Big Spenders,High Value
17354,51,1,1393.06,1006,1393.06,3,2,4,324,Big Spenders,High Value
17356,312,1,178.22,166,178.22,1,2,1,121,Lost Customers,Low Value
17357,24,2,384.39,152,192.195,4,3,2,432,Potential Loyalists,Medium Value
17358,303,2,360.81,190,180.405,1,3,2,132,At Risk,Medium Value
17359,11,1,127.86,161,127.86,5,2,1,521,New Customers,Low Value
17360,17,3,568.24,328,189.41333333333333,4,4,3,443,Loyal Customers,Medium Value
17361,49,3,488.2,157,162.73333333333332,3,4,3,343,Loyal Customers,Medium Value
17362,239,2,312.23,191,156.115,1,3,2,132,At Risk,Medium Value
17364,1,11,4462.68,2692,405.69818181818187,5,5,5,555,Champions,High Value
17365,13,8,4767.36,4749,595.92,5,5,5,555,Champions,High Value
17367,238,1,167.55,149,167.55,1,2,1,121,Lost Customers,Low Value
17368,23,8,1878.87,1377,234.85875,4,5,4,454,Champions,High Value
17370,73,4,446.18,540,111.545,2,4,2,242,At Risk,Medium Value
17371,17,3,418.4,151,139.46666666666667,4,4,2,442,Potential Loyalists,Medium Value
17372,41,8,1337.18,747,167.1475,3,5,4,354,Loyal Customers,High Value
17373,40,4,646.92,408,161.73,3,4,3,343,Loyal Customers,Medium Value
17374,219,2,495.77,85,247.885,1,3,3,133,At Risk,Medium Value
17375,199,3,400.1,367,133.36666666666667,1,4,2,142,At Risk,Medium Value
17376,71,2,203.2,86,101.6,3,3,1,331,Regular Customers,Low Value
17377,24,20,4058.32,2038,202.916,4,5,5,455,Champions,High Value
17379,11,1,389.72,623,389.72,5,2,2,522,Potential Loyalists,Medium Value
17381,9,29,20275.61,25649,699.1589655172414,5,5,5,555,Champions,Very High Value
17382,65,1,65.4,25,65.4,3,2,1,321,Regular Customers,Low Value
17383,4,1,193.39000000000001,148,193.39000000000001,5,2,1,521,New Customers,Low Value
17384,19,2,336.4,88,168.2,4,3,2,432,Potential Loyalists,Medium Value
17385,15,1,256.11,197,256.11,4,2,2,422,Potential Loyalists,Medium Value
17386,8,6,2686.42,1902,447.7366666666667,5,5,5,555,Champions,High Value
17387,20,2,746.81,522,373.405,4,3,3,433,Potential Loyalists,Medium Value
17388,78,4,1259.56,1068,314.89,2,4,4,244,At Risk,High Value
17389,1,34,31833.68,7612,936.2847058823529,5,5,5,555,Champions,Very High Value
17391,164,2,508.8,480,254.4,2,3,3,233,At Risk,Medium Value
17392,307,2,417.27,277,208.635,1,3,2,132,At Risk,Medium Value
17394,219,1,203.86999999999998,241,203.86999999999998,1,2,1,121,Lost Customers,Low Value
17396,39,8,7330.8,2005,916.35,3,5,5,355,Loyal Customers,Very High Value
17397,22,2,681.41,250,340.705,4,3,3,433,Potential Loyalists,Medium Value
17398,115,3,653.38,310,217.79333333333332,2,4,3,243,At Risk,Medium Value
17400,126,5,2097.84,1088,419.56800000000004,2,4,5,245,At Risk,High Value
17402,5,13,2633.85,701,202.60384615384615,5,5,5,555,Champions,High Value
17403,36,1,263.92,111,263.92,3,2,2,322,Regular Customers,Medium Value
17404,4,15,31906.82,32748,2127.1213333333335,5,5,5,555,Champions,Very High Value
17405,1,3,1031.41,726,343.80333333333334,5,4,4,544,Champions,High Value
17406,333,3,2184.42,780,728.14,1,4,5,145,At Risk,High Value
17408,163,1,32.65,3,32.65,2,2,1,221,Lost Customers,Low Value
17409,185,2,771.85,105,385.925,1,3,3,133,At Risk,Medium Value
17410,16,5,1214.72,616,242.94400000000002,4,4,4,444,Champions,High Value
17411,12,3,778.94,306,259.6466666666667,5,4,3,543,Loyal Customers,Medium Value
17412,3,7,1258.06,738,179.72285714285712,5,5,4,554,Champions,High Value
17414,44,2,778.0,2100,389.0,3,3,3,333,Regular Customers,Medium Value
17415,80,1,507.84,114,507.84,2,2,3,223,Lost Customers,Medium Value
17416,30,7,6893.42,4302,984.7742857142857,4,5,5,455,Champions,Very High Value
17418,42,2,463.46,289,231.73,3,3,2,332,Regular Customers,Medium Value
17419,11,12,4226.57,1876,352.21416666666664,5,5,5,555,Champions,High Value
17420,50,3,598.83,265,199.61,3,4,3,343,Loyal Customers,Medium Value
17422,16,6,1979.37,2253,329.895,4,5,4,454,Champions,High Value
17423,46,2,698.41,459,349.205,3,3,3,333,Regular Customers,Medium Value
17425,19,2,759.17,407,379.585,4,3,3,433,Potential Loyalists,Medium Value
17426,8,6,5037.26,3094,839.5433333333334,5,5,5,555,Champions,Very High Value
17427,72,1,100.8,34,100.8,2,2,1,221,Lost Customers,Low Value
17428,1,28,17256.85,9474,616.3160714285714,5,5,5,555,Champions,Very High Value
17429,128,3,524.9200000000001,624,174.97333333333336,2,4,3,243,At Risk,Medium Value
17430,33,2,265.76,190,132.88,3,3,2,332,Regular Customers,Medium Value
17431,313,1,403.3,292,403.3,1,2,2,122,Lost Customers,Medium Value
17432,18,2,365.76,207,182.88,4,3,2,432,Potential Loyalists,Medium Value
17433,88,1,303.16,185,303.16,2,2,2,222,Lost Customers,Medium Value
17434,2,7,2373.82,1693,339.1171428571429,5,5,5,555,Champions,High Value
17436,2,2,216.3,90,108.15,5,3,1,531,Regular Customers,Low Value
17438,254,1,388.45000000000005,103,388.45000000000005,1,2,2,122,Lost Customers,Medium Value
17440,157,3,186.42000000000002,246,62.14000000000001,2,4,1,241,At Risk,Low Value
17442,37,6,2248.56,1496,374.76,3,5,5,355,Loyal Customers,High Value
17443,220,1,534.24,504,534.24,1,2,3,123,Lost Customers,Medium Value
17444,148,3,2940.04,2119,980.0133333333333,2,4,5,245,At Risk,High Value
17446,177,2,120.89999999999999,198,60.449999999999996,2,3,1,231,At Risk,Low Value
17447,40,2,541.53,443,270.765,3,3,3,333,Regular Customers,Medium Value
17449,2,7,2519.21,1121,359.88714285714286,5,5,5,555,Champions,High Value
17450,8,46,194390.79,69973,4225.886739130435,5,5,5,555,Champions,Very High Value
17451,1,7,1721.4,1203,245.91428571428574,5,5,4,554,Champions,High Value
17453,18,2,486.72,219,243.36,4,3,2,432,Potential Loyalists,Medium Value
17454,192,4,517.53,243,129.3825,1,4,3,143,At Risk,Medium Value
17455,204,1,131.7,66,131.7,1,2,1,121,Lost Customers,Low Value
17456,365,1,249.86,222,249.86,1,2,2,122,Lost Customers,Low Value
17457,127,5,1737.7,826,347.54,2,4,4,244,At Risk,High Value
17458,15,1,316.5,170,316.5,4,2,2,422,Potential Loyalists,Medium Value
17459,43,2,657.3,537,328.65,3,3,3,333,Regular Customers,Medium Value
17460,94,6,622.4300000000001,236,103.73833333333334,2,5,3,253,At Risk,Medium Value
17461,23,3,735.82,770,245.27333333333334,4,4,3,443,Loyal Customers,Medium Value
17462,60,2,675.69,227,337.845,3,3,3,333,Regular Customers,Medium Value
17463,16,5,1875.8600000000001,1086,375.172,4,4,4,444,Champions,High Value
17464,158,1,289.96000000000004,220,289.96000000000004,2,2,2,222,Lost Customers,Medium Value
17466,10,2,763.28,306,381.64,5,3,3,533,Potential Loyalists,Medium Value
17468,10,2,137.0,116,68.5,5,3,1,531,Regular Customers,Low Value
17469,16,5,1870.97,787,374.194,4,4,4,444,Champions,High Value
17470,45,5,1125.07,1675,225.01399999999998,3,4,4,344,Loyal Customers,High Value
17472,191,3,697.54,455,232.51333333333332,1,4,3,143,At Risk,Medium Value
17475,79,1,194.37,178,194.37,2,2,1,221,Lost Customers,Low Value
17480,78,1,511.82,338,511.82,2,2,3,223,Lost Customers,Medium Value
17481,4,4,1255.59,1061,313.8975,5,4,4,544,Champions,High Value
17483,65,3,414.04,191,138.01333333333335,3,4,2,342,Regular Customers,Medium Value
17486,261,1,396.87,191,396.87,1,2,2,122,Lost Customers,Medium Value
17489,59,2,376.64,428,188.32,3,3,2,332,Regular Customers,Medium Value
17490,1,7,2092.32,1134,298.90285714285716,5,5,5,555,Champions,High Value
17491,1,10,3558.87,2013,355.887,5,5,5,555,Champions,High Value
17492,248,1,374.57,155,374.57,1,2,2,122,Lost Customers,Medium Value
17495,8,2,497.56,229,248.78,5,3,3,533,Potential Loyalists,Medium Value
17496,359,1,271.05,79,271.05,1,2,2,122,Lost Customers,Medium Value
17498,76,1,272.22,394,272.22,2,2,2,222,Lost Customers,Medium Value
17499,290,1,622.88,711,622.88,1,2,3,123,Lost Customers,Medium Value
17500,17,3,1138.0,17,379.3333333333333,4,4,4,444,Champions,High Value
17501,221,2,288.6,160,144.3,1,3,2,132,At Risk,Medium Value
17502,9,4,689.1,376,172.275,5,4,3,543,Loyal Customers,Medium Value
17503,3,2,558.96,486,279.48,5,3,3,533,Potential Loyalists,Medium Value
17504,206,9,2997.03,1664,333.00333333333333,1,5,5,155,At Risk,High Value
17505,162,2,1145.8400000000001,556,572.9200000000001,2,3,4,234,Big Spenders,High Value
17506,76,1,302.2,139,302.2,2,2,2,222,Lost Customers,Medium Value
17507,262,2,605.58,359,302.79,1,3,3,133,At Risk,Medium Value
17508,281,1,387.31,289,387.31,1,2,2,122,Lost Customers,Medium Value
17509,58,8,6083.64,3512,760.455,3,5,5,355,Loyal Customers,Very High Value
17510,25,1,308.48,214,308.48,4,2,2,422,Potential Loyalists,Medium Value
17511,3,31,91062.38,64549,2937.496129032258,5,5,5,555,Champions,Very High Value
17512,29,10,2924.9900000000002,2753,292.499,4,5,5,455,Champions,High Value
17513,72,1,513.1999999999999,254,513.1999999999999,2,2,3,223,Lost Customers,Medium Value
17514,128,1,208.65,135,208.65,2,2,1,221,Lost Customers,Low Value
17515,31,4,639.02,243,159.755,4,4,3,443,Loyal Customers,Medium Value
17516,15,5,764.88,414,152.976,4,4,3,443,Loyal Customers,Medium Value
17517,309,1,153.94,102,153.94,1,2,1,121,Lost Customers,Low Value
17519,17,6,1844.02,1236,307.33666666666664,4,5,4,454,Champions,High Value
17520,54,1,546.81,365,546.81,3,2,3,323,Regular Customers,Medium Value
17521,30,3,723.21,519,241.07000000000002,4,4,3,443,Loyal Customers,Medium Value
17522,2,5,1070.71,1034,214.142,5,4,4,544,Champions,High Value
17523,11,4,652.74,872,163.185,5,4,3,543,Loyal Customers,Medium Value
17524,361,1,145.0,90,145.0,1,2,1,121,Lost Customers,Low Value
17525,360,1,422.7,82,422.7,1,2,2,122,Lost Customers,Medium Value
17526,5,4,1195.8999999999999,310,298.97499999999997,5,4,4,544,Champions,High Value
17527,54,4,939.37,488,234.8425,3,4,4,344,Loyal Customers,Medium Value
17528,1,8,3628.5,2138,453.5625,5,5,5,555,Champions,High Value
17530,1,10,2367.12,1514,236.712,5,5,5,555,Champions,High Value
17531,190,1,296.7,136,296.7,1,2,2,122,Lost Customers,Medium Value
17534,54,1,223.36,103,223.36,3,2,1,321,Regular Customers,Low Value
17535,280,1,164.4,136,164.4,1,2,1,121,Lost Customers,Low Value
17536,177,1,76.5,6,76.5,2,2,1,221,Lost Customers,Low Value
17537,30,2,887.6700000000001,699,443.83500000000004,4,3,3,433,Potential Loyalists,Medium Value
17538,26,1,98.42,134,98.42,4,2,1,421,New Customers,Low Value
17540,25,2,578.9,194,289.45,4,3,3,433,Potential Loyalists,Medium Value
17542,270,1,170.75,134,170.75,1,2,1,121,Lost Customers,Low Value
17545,43,3,642.32,337,214.10666666666668,3,4,3,343,Loyal Customers,Medium Value
17548,234,1,103.3,58,103.3,1,2,1,121,Lost Customers,Low Value
17549,24,2,148.86,210,74.43,4,3,1,431,Regular Customers,Low Value
17550,197,3,267.15999999999997,86,89.05333333333333,1,4,2,142,At Risk,Medium Value
17551,359,1,290.34,142,290.34,1,2,2,122,Lost Customers,Medium Value
17552,60,4,930.41,719,232.6025,3,4,3,343,Loyal Customers,Medium Value
17553,130,1,1487.6,1048,1487.6,2,2,4,224,Big Spenders,High Value
17554,1,5,1952.45,1763,390.49,5,4,4,544,Champions,High Value
17555,20,2,480.31,348,240.155,4,3,2,432,Potential Loyalists,Medium Value
17556,206,1,157.9,101,157.9,1,2,1,121,Lost Customers,Low Value
17557,14,3,541.46,306,180.48666666666668,4,4,3,443,Loyal Customers,Medium Value
17560,95,4,854.95,635,213.7375,2,4,3,243,At Risk,Medium Value
17561,19,1,165.12,144,165.12,4,2,1,421,New Customers,Low Value
17562,14,7,1122.38,817,160.34,4,5,4,454,Champions,High Value
17564,24,3,454.01,146,151.33666666666667,4,4,2,442,Potential Loyalists,Medium Value
17566,8,2,869.77,497,434.885,5,3,3,533,Potential Loyalists,Medium Value
17567,7,8,4331.48,2632,541.435,5,5,5,555,Champions,High Value
17569,332,1,344.14,159,344.14,1,2,2,122,Lost Customers,Medium Value
17571,50,4,1425.67,876,356.4175,3,4,4,344,Loyal Customers,High Value
17572,71,4,226.75000000000003,95,56.68750000000001,3,4,1,341,Regular Customers,Low Value
17573,29,3,380.6,308,126.86666666666667,4,4,2,442,Potential Loyalists,Medium Value
17574,243,1,185.65,77,185.65,1,2,1,121,Lost Customers,Low Value
17576,8,19,3564.83,1967,187.62263157894736,5,5,5,555,Champions,High Value
17578,218,1,143.46,138,143.46,1,2,1,121,Lost Customers,Low Value
17579,5,3,448.90000000000003,258,149.63333333333335,5,4,2,542,Potential Loyalists,Medium Value
17580,253,3,215.72,88,71.90666666666667,1,4,1,141,At Risk,Low Value
17581,1,25,11025.24,5915,441.0096,5,5,5,555,Champions,Very High Value
17582,236,1,175.27,123,175.27,1,2,1,121,Lost Customers,Low Value
17584,7,2,1242.3,458,621.15,5,3,4,534,Potential Loyalists,High Value
17585,109,4,1116.68,1650,279.17,2,4,4,244,At Risk,High Value
17588,100,3,1240.2,676,413.40000000000003,2,4,4,244,At Risk,High Value
17589,60,4,2404.17,1631,601.0425,3,4,5,345,Loyal Customers,High Value
17590,2,3,1468.02,822,489.34,5,4,4,544,Champions,High Value
17591,73,7,2203.67,1000,314.81,2,5,5,255,At Risk,High Value
17593,4,5,3923.86,3089,784.772,5,4,5,545,Champions,High Value
17594,85,2,993.18,550,496.59,2,3,4,234,Big Spenders,Medium Value
17595,12,2,386.69,228,193.345,5,3,2,532,Potential Loyalists,Medium Value
17596,23,7,2806.69,4376,400.9557142857143,4,5,5,455,Champions,High Value
17597,214,1,2044.3700000000001,1176,2044.3700000000001,1,2,4,124,Big Spenders,High Value
17600,18,1,161.67000000000002,144,161.67000000000002,4,2,1,421,New Customers,Low Value
17601,239,1,116.00999999999999,103,116.00999999999999,1,2,1,121,Lost Customers,Low Value
17602,2,6,5054.42,4116,842.4033333333333,5,5,5,555,Champions,Very High Value
17603,78,1,394.72,74,394.72,2,2,2,222,Lost Customers,Medium Value
17604,217,2,309.36,169,154.68,1,3,2,132,At Risk,Medium Value
17608,33,2,191.99,229,95.995,3,3,1,331,Regular Customers,Low Value
17609,41,5,1105.78,719,221.156,3,4,4,344,Loyal Customers,High Value
17611,7,15,3961.12,2550,264.07466666666664,5,5,5,555,Champions,High Value
17612,53,6,2048.45,1808,341.4083333333333,3,5,4,354,Loyal Customers,High Value
17613,23,14,4544.55,2490,324.6107142857143,4,5,5,455,Champions,High Value
17614,57,1,386.32,235,386.32,3,2,2,322,Regular Customers,Medium Value
17615,130,3,329.6,140,109.86666666666667,2,4,2,242,At Risk,Medium Value
17616,174,3,571.1999999999999,224,190.39999999999998,2,4,3,243,At Risk,Medium Value
17618,6,3,930.28,319,310.0933333333333,5,4,3,543,Loyal Customers,Medium Value
17619,312,1,214.37,124,214.37,1,2,1,121,Lost Customers,Low Value
17620,60,1,81.44,60,81.44,3,2,1,321,Regular Customers,Low Value
17621,21,3,1379.9,514,459.9666666666667,4,4,4,444,Champions,High Value
17623,33,1,527.05,265,527.05,3,2,3,323,Regular Customers,Medium Value
17624,15,2,843.48,554,421.74,4,3,3,433,Potential Loyalists,Medium Value
17625,18,4,2020.4,1180,505.1,4,4,4,444,Champions,High Value
17628,81,1,75.75,79,75.75,2,2,1,221,Lost Customers,Low Value
17629,6,8,1814.1200000000001,1629,226.76500000000001,5,5,4,554,Champions,High Value
17630,170,2,503.6,158,251.8,2,3,3,233,At Risk,Medium Value
17631,2,3,528.33,334,176.11,5,4,3,543,Loyal Customers,Medium Value
17633,31,4,1324.84,644,331.21,4,4,4,444,Champions,High Value
17634,36,9,2358.59,838,262.0655555555556,3,5,5,355,Loyal Customers,High Value
17636,19,1,285.56,182,285.56,4,2,2,422,Potential Loyalists,Medium Value
17637,31,2,547.0600000000001,280,273.53000000000003,4,3,3,433,Potential Loyalists,Medium Value
17639,276,1,108.5,49,108.5,1,2,1,121,Lost Customers,Low Value
17640,87,1,621.66,250,621.66,2,2,3,223,Lost Customers,Medium Value
17642,120,2,712.29,474,356.145,2,3,3,233,At Risk,Medium Value
17643,373,1,101.55,71,101.55,1,2,1,121,Lost Customers,Low Value
17644,1,11,2895.64,1793,263.24,5,5,5,555,Champions,High Value
17646,219,3,1008.39,323,336.13,1,4,4,144,At Risk,High Value
17647,65,1,133.06,30,133.06,3,2,1,321,Regular Customers,Low Value
17648,61,4,1797.5,487,449.375,3,4,4,344,Loyal Customers,High Value
17649,138,1,868.49,399,868.49,2,2,3,223,Lost Customers,Medium Value
17650,21,1,166.07999999999998,150,166.07999999999998,4,2,1,421,New Customers,Low Value
17651,12,10,3945.0,3112,394.5,5,5,5,555,Champions,High Value
17652,25,12,4867.72,2509,405.6433333333334,4,5,5,455,Champions,High Value
17653,37,4,1207.56,1409,301.89,3,4,4,344,Loyal Customers,High Value
17654,277,1,117.55,41,117.55,1,2,1,121,Lost Customers,Low Value
17655,11,7,2638.94,1116,376.99142857142857,5,5,5,555,Champions,High Value
17656,73,5,1674.69,1399,334.938,2,4,4,244,At Risk,High Value
17658,26,2,595.42,616,297.71,4,3,3,433,Potential Loyalists,Medium Value
17659,17,12,2999.46,1525,249.955,4,5,5,455,Champions,High Value
17660,141,1,178.75,121,178.75,2,2,1,221,Lost Customers,Low Value
17663,26,7,1802.91,797,257.55857142857144,4,5,4,454,Champions,High Value
17664,19,2,604.64,604,302.32,4,3,3,433,Potential Loyalists,Medium Value
17666,4,2,728.16,596,364.08,5,3,3,533,Potential Loyalists,Medium Value
17667,66,5,2055.51,1033,411.10200000000003,3,4,5,345,Loyal Customers,High Value
17668,1,2,347.75,93,173.875,5,3,2,532,Potential Loyalists,Medium Value
17669,43,7,3406.7200000000003,1916,486.67428571428576,3,5,5,355,Loyal Customers,High Value
17670,228,1,205.7,110,205.7,1,2,1,121,Lost Customers,Low Value
17671,16,4,1572.71,772,393.1775,4,4,4,444,Champions,High Value
17672,50,2,3178.17,1690,1589.085,3,3,5,335,Big Spenders,High Value
17673,2,6,1594.97,1462,265.8283333333333,5,5,4,554,Champions,High Value
17674,74,2,551.04,672,275.52,2,3,3,233,At Risk,Medium Value
17675,1,31,20374.28,8360,657.2348387096774,5,5,5,555,Champions,Very High Value
17676,4,6,1371.18,922,228.53,5,5,4,554,Champions,High Value
17677,2,30,16345.380000000001,9772,544.846,5,5,5,555,Champions,Very High Value
17678,264,1,298.11,207,298.11,1,2,2,122,Lost Customers,Medium Value
17679,53,2,1992.1100000000001,729,996.0550000000001,3,3,4,334,Big Spenders,High Value
17680,24,1,184.4,96,184.4,4,2,1,421,New Customers,Low Value
17682,10,6,2474.33,1367,412.3883333333333,5,5,5,555,Champions,High Value
17684,44,1,239.41,145,239.41,3,2,1,321,Regular Customers,Low Value
17685,17,7,3155.83,1907,450.8328571428571,4,5,5,455,Champions,High Value
17686,7,7,5739.46,2478,819.9228571428572,5,5,5,555,Champions,Very High Value
17690,30,15,4726.8,1769,315.12,4,5,5,455,Champions,High Value
17691,358,2,290.4,134,145.2,1,3,2,132,At Risk,Medium Value
17692,127,4,740.94,672,185.235,2,4,3,243,At Risk,Medium Value
17693,137,1,200.47,231,200.47,2,2,1,221,Lost Customers,Low Value
17694,142,1,283.12,184,283.12,2,2,2,222,Lost Customers,Medium Value
17695,132,2,765.34,779,382.67,2,3,3,233,At Risk,Medium Value
17696,38,8,2285.71,1756,285.71375,3,5,5,355,Loyal Customers,High Value
17697,236,1,338.95000000000005,93,338.95000000000005,1,2,2,122,Lost Customers,Medium Value
17698,261,1,154.95,93,154.95,1,2,1,121,Lost Customers,Low Value
17700,17,4,2534.64,1266,633.66,4,4,5,445,Champions,High Value
17701,253,1,417.95,109,417.95,1,2,2,122,Lost Customers,Medium Value
17702,30,4,1824.37,1353,456.0925,4,4,4,444,Champions,High Value
17703,35,3,798.74,590,266.24666666666667,3,4,3,343,Loyal Customers,Medium Value
17704,169,2,885.19,343,442.595,2,3,3,233,At Risk,Medium Value
17705,3,9,1823.52,963,202.61333333333334,5,5,4,554,Champions,High Value
17706,4,17,10504.49,3899,617.9111764705882,5,5,5,555,Champions,Very High Value
17707,185,2,152.4,144,76.2,1,3,1,131,At Risk,Low Value
17708,188,2,263.33,90,131.665,1,3,2,132,At Risk,Medium Value
17709,170,1,137.45000000000002,17,137.45000000000002,2,2,1,221,Lost Customers,Low Value
17711,11,2,385.1,246,192.55,5,3,2,532,Potential Loyalists,Medium Value
17712,45,1,522.91,215,522.91,3,2,3,323,Regular Customers,Medium Value
17714,321,1,153.0,92,153.0,1,2,1,121,Lost Customers,Low Value
17715,201,1,326.4,384,326.4,1,2,2,122,Lost Customers,Medium Value
17716,23,11,5655.99,3072,514.180909090909,4,5,5,455,Champions,Very High Value
17718,232,1,139.35,83,139.35,1,2,1,121,Lost Customers,Low Value
17719,38,15,5396.04,2466,359.736,3,5,5,355,Loyal Customers,Very High Value
17720,26,4,1195.94,576,298.985,4,4,4,444,Champions,High Value
17722,96,4,2424.04,1595,606.01,2,4,5,245,At Risk,High Value
17723,127,6,3276.4,792,546.0666666666667,2,5,5,255,At Risk,High Value
17724,71,3,1033.0,300,344.3333333333333,3,4,4,344,Loyal Customers,High Value
17725,16,11,3439.08,2162,312.64363636363635,4,5,5,455,Champions,High Value
17727,15,1,1060.25,645,1060.25,4,2,4,424,Potential Loyalists,High Value
17728,4,3,2876.01,1469,958.6700000000001,5,4,5,545,Champions,High Value
17730,3,13,5298.4800000000005,3576,407.5753846153847,5,5,5,555,Champions,Very High Value
17731,79,4,1240.11,493,310.0275,2,4,4,244,At Risk,High Value
17732,373,1,303.97,93,303.97,1,2,2,122,Lost Customers,Medium Value
17733,39,2,692.19,463,346.095,3,3,3,333,Regular Customers,Medium Value
17734,54,3,700.63,422,233.54333333333332,3,4,3,343,Loyal Customers,Medium Value
17735,2,19,13110.02,8439,690.001052631579,5,5,5,555,Champions,Very High Value
17736,9,3,377.44,238,125.81333333333333,5,4,2,542,Potential Loyalists,Medium Value
17737,9,2,168.24,108,84.12,5,3,1,531,Regular Customers,Low Value
17738,19,4,1879.05,1029,469.7625,4,4,4,444,Champions,High Value
17739,12,7,2791.35,861,398.7642857142857,5,5,5,555,Champions,High Value
17742,113,2,355.11,89,177.555,2,3,2,232,At Risk,Medium Value
17744,4,6,2322.4,3412,387.06666666666666,5,5,5,555,Champions,High Value
17746,240,1,110.25,29,110.25,1,2,1,121,Lost Customers,Low Value
17747,113,1,71.4,12,71.4,2,2,1,221,Lost Customers,Low Value
17749,178,2,674.52,320,337.26,2,3,3,233,At Risk,Medium Value
17750,5,9,1710.45,3747,190.05,5,5,4,554,Champions,High Value
17752,359,1,80.64,192,80.64,1,2,1,121,Lost Customers,Low Value
17754,1,5,1664.6499999999999,1816,332.92999999999995,5,4,4,544,Champions,High Value
17757,1,30,5593.39,3318,186.44633333333334,5,5,5,555,Champions,Very High Value
17758,19,8,3408.2,2054,426.025,4,5,5,455,Champions,High Value
17759,17,3,819.96,697,273.32,4,4,3,443,Loyal Customers,Medium Value
17760,22,2,287.59,239,143.795,4,3,2,432,Potential Loyalists,Medium Value
17761,33,1,712.78,398,712.78,3,2,3,323,Regular Customers,Medium Value
17763,263,1,15.0,12,15.0,1,2,1,121,Lost Customers,Low Value
17764,51,2,772.55,351,386.275,3,3,3,333,Regular Customers,Medium Value
17765,159,3,367.63,143,122.54333333333334,2,4,2,242,At Risk,Medium Value
17767,15,1,271.2,128,271.2,4,2,2,422,Potential Loyalists,Medium Value
17768,8,3,2081.9,1122,693.9666666666667,5,4,5,545,Champions,High Value
17769,13,10,3957.4300000000003,1850,395.74300000000005,5,5,5,555,Champions,High Value
17770,199,5,1143.27,365,228.654,1,4,4,144,At Risk,High Value
17771,57,2,245.81,287,122.905,3,3,1,331,Regular Customers,Low Value
17772,11,2,173.45,55,86.725,5,3,1,531,Regular Customers,Low Value
17774,97,4,1213.73,508,303.4325,2,4,4,244,At Risk,High Value
17775,255,1,56.4,72,56.4,1,2,1,121,Lost Customers,Low Value
17777,25,3,647.5600000000001,501,215.85333333333335,4,4,3,443,Loyal Customers,Medium Value
17779,21,3,650.32,396,216.77333333333334,4,4,3,443,Loyal Customers,Medium Value
17781,159,2,188.02,34,94.01,2,3,1,231,At Risk,Low Value
17783,72,2,283.47,354,141.735,2,3,2,232,At Risk,Medium Value
17785,53,1,131.94,67,131.94,3,2,1,321,Regular Customers,Low Value
17786,85,2,266.85,195,133.425,2,3,2,232,At Risk,Medium Value
17787,153,4,1817.54,896,454.385,2,4,4,244,At Risk,High Value
17788,74,2,1117.9,211,558.95,2,3,4,234,Big Spenders,High Value
17789,281,1,225.9,74,225.9,1,2,1,121,Lost Customers,Low Value
17790,27,14,1964.3,835,140.30714285714285,4,5,4,454,Champions,High Value
17791,30,1,106.1,46,106.1,4,2,1,421,New Customers,Low Value
17793,25,1,300.34000000000003,226,300.34000000000003,4,2,2,422,Potential Loyalists,Medium Value
17795,180,2,342.83,305,171.415,1,3,2,132,At Risk,Medium Value
17796,40,4,690.0,176,172.5,3,4,3,343,Loyal Customers,Medium Value
17797,22,3,780.43,498,260.1433333333333,4,4,3,443,Loyal Customers,Medium Value
17799,22,10,3039.17,1753,303.91700000000003,4,5,5,455,Champions,High Value
17800,37,9,1187.21,732,131.91222222222223,3,5,4,354,Loyal Customers,High Value
17802,82,3,1285.04,752,428.34666666666664,2,4,4,244,At Risk,High Value
17805,74,1,512.31,478,512.31,2,2,3,223,Lost Customers,Medium Value
17806,11,1,546.04,727,546.04,5,2,3,523,Potential Loyalists,Medium Value
17809,16,12,5411.91,2057,450.9925,4,5,5,455,Champions,Very High Value
17811,4,39,7761.82,4146,199.02102564102563,5,5,5,555,Champions,Very High Value
17812,13,4,699.8100000000001,329,174.95250000000001,5,4,3,543,Loyal Customers,Medium Value
17813,14,5,1698.07,752,339.614,4,4,4,444,Champions,High Value
17816,37,4,36.56,30,9.14,3,4,1,341,Regular Customers,Low Value
17817,4,3,387.68,67,129.22666666666666,5,4,2,542,Potential Loyalists,Medium Value
17819,72,7,3704.87,1031,529.2671428571429,2,5,5,255,At Risk,High Value
17824,51,1,298.4,408,298.4,3,2,2,322,Regular Customers,Medium Value
17827,5,5,1987.33,1240,397.466,5,4,4,544,Champions,High Value
17828,23,4,1820.09,667,455.0225,4,4,4,444,Champions,High Value
17829,299,1,889.24,496,889.24,1,2,3,123,Lost Customers,Medium Value
17830,2,3,398.7,92,132.9,5,4,2,542,Potential Loyalists,Medium Value
17831,33,1,35.400000000000006,12,35.400000000000006,3,2,1,321,Regular Customers,Low Value
17832,50,1,155.37,208,155.37,3,2,1,321,Regular Customers,Low Value
17835,3,3,342.24,344,114.08,5,4,2,542,Potential Loyalists,Medium Value
17836,47,1,110.21,88,110.21,3,2,1,321,Regular Customers,Low Value
17837,42,8,1541.23,510,192.65375,3,5,4,354,Loyal Customers,High Value
17838,27,5,2720.8,1831,544.1600000000001,4,4,5,445,Champions,High Value
17839,42,1,318.15,257,318.15,3,2,2,322,Regular Customers,Medium Value
17841,2,124,40519.84,22834,326.77290322580643,5,5,5,555,Champions,Very High Value
17843,303,1,205.48,113,205.48,1,2,1,121,Lost Customers,Low Value
17844,107,1,51.559999999999995,52,51.559999999999995,2,2,1,221,Lost Customers,Low Value
17846,85,1,2033.1,1,2033.1,2,2,4,224,Big Spenders,High Value
17848,81,9,901.2,398,100.13333333333334,2,5,3,253,At Risk,Medium Value
17849,218,4,605.8000000000001,114,151.45000000000002,1,4,3,143,At Risk,Medium Value
17850,372,34,5391.21,1733,158.565,1,5,5,155,At Risk,Very High Value
17852,12,2,114.34,53,57.17,5,3,1,531,Regular Customers,Low Value
17854,185,2,311.26,84,155.63,1,3,2,132,At Risk,Medium Value
17855,373,1,208.97,197,208.97,1,2,1,121,Lost Customers,Low Value
17856,2,4,1418.03,842,354.5075,5,4,4,544,Champions,High Value
17857,4,23,26879.04,19256,1168.6539130434783,5,5,5,555,Champions,Very High Value
17858,6,12,5140.66,2694,428.3883333333333,5,5,5,555,Champions,Very High Value
17859,305,1,141.92,102,141.92,1,2,1,121,Lost Customers,Low Value
17860,369,1,226.45000000000002,93,226.45000000000002,1,2,1,121,Lost Customers,Low Value
17861,3,8,2097.88,1985,262.235,5,5,5,555,Champions,High Value
17862,324,1,330.90000000000003,100,330.90000000000003,1,2,2,122,Lost Customers,Medium Value
17863,59,6,3160.0,2638,526.6666666666666,3,5,5,355,Loyal Customers,High Value
17864,13,3,554.85,706,184.95000000000002,5,4,3,543,Loyal Customers,Medium Value
17865,31,20,10526.32,5757,526.316,4,5,5,455,Champions,Very High Value
17866,143,1,329.65000000000003,174,329.65000000000003,2,2,2,222,Lost Customers,Medium Value
17867,30,6,1157.8700000000001,508,192.97833333333335,4,5,4,454,Champions,High Value
17869,107,5,428.18,111,85.636,2,4,2,242,At Risk,Medium Value
17870,2,12,1865.8899999999999,1351,155.4908333333333,5,5,4,554,Champions,High Value
17871,205,1,155.9,182,155.9,1,2,1,121,Lost Customers,Low Value
17873,80,5,1848.96,1035,369.79200000000003,2,4,4,244,At Risk,High Value
17874,185,6,683.46,221,113.91000000000001,1,5,3,153,At Risk,Medium Value
17877,170,1,237.61,98,237.61,2,2,1,221,Lost Customers,Low Value
17878,44,1,379.45,401,379.45,3,2,2,322,Regular Customers,Medium Value
17879,174,1,178.52,45,178.52,2,2,1,221,Lost Customers,Low Value
17880,365,1,458.92,314,458.92,1,2,2,122,Lost Customers,Medium Value
17881,304,1,133.35,32,133.35,1,2,1,121,Lost Customers,Low Value
17883,3,4,664.34,374,166.085,5,4,3,543,Loyal Customers,Medium Value
17884,4,4,695.07,817,173.7675,5,4,3,543,Loyal Customers,Medium Value
17885,12,1,156.34,110,156.34,5,2,1,521,New Customers,Low Value
17886,32,3,869.28,469,289.76,4,4,3,443,Loyal Customers,Medium Value
17887,129,1,111.35,30,111.35,2,2,1,221,Lost Customers,Low Value
17888,21,8,716.0,973,89.5,4,5,3,453,Loyal Customers,Medium Value
17889,212,2,201.37,77,100.685,1,3,1,131,At Risk,Low Value
17890,323,2,586.89,402,293.445,1,3,3,133,At Risk,Medium Value
17891,162,1,203.85999999999999,393,203.85999999999999,2,2,1,221,Lost Customers,Low Value
17892,56,3,244.1,109,81.36666666666666,3,4,1,341,Regular Customers,Low Value
17893,225,1,107.21000000000001,149,107.21000000000001,1,2,1,121,Lost Customers,Low Value
17894,72,8,1118.96,404,139.87,2,5,4,254,At Risk,High Value
17895,44,1,95.45,127,95.45,3,2,1,321,Regular Customers,Low Value
17896,23,1,256.32,288,256.32,4,2,2,422,Potential Loyalists,Medium Value
17897,173,3,541.81,222,180.60333333333332,2,4,3,243,At Risk,Medium Value
17898,85,2,152.06,190,76.03,2,3,1,231,At Risk,Low Value
17899,159,1,154.54999999999998,170,154.54999999999998,2,2,1,221,Lost Customers,Low Value
17900,190,2,112.19999999999999,73,56.099999999999994,1,3,1,131,At Risk,Low Value
17901,29,1,110.38,24,110.38,4,2,1,421,New Customers,Low Value
17904,21,1,181.07,59,181.07,4,2,1,421,New Customers,Low Value
17905,71,4,798.99,406,199.7475,3,4,3,343,Loyal Customers,Medium Value
17906,247,1,72.9,26,72.9,1,2,1,121,Lost Customers,Low Value
17908,374,1,232.03,169,232.03,1,2,1,121,Lost Customers,Low Value
17911,9,1,366.23,223,366.23,5,2,2,522,Potential Loyalists,Medium Value
17912,310,5,310.06,184,62.012,1,4,2,142,At Risk,Medium Value
17913,59,2,408.65,288,204.325,3,3,2,332,Regular Customers,Medium Value
17914,4,1,329.36,457,329.36,5,2,2,522,Potential Loyalists,Medium Value
17917,45,3,335.03,184,111.67666666666666,3,4,2,342,Regular Customers,Medium Value
17919,88,1,1304.04,756,1304.04,2,2,4,224,Big Spenders,High Value
17920,4,17,4119.5,2473,242.3235294117647,5,5,5,555,Champions,High Value
17921,64,4,820.23,425,205.0575,3,4,3,343,Loyal Customers,Medium Value
17923,282,1,207.50000000000003,50,207.50000000000003,1,2,1,121,Lost Customers,Low Value
17924,12,7,2962.5,1160,423.2142857142857,5,5,5,555,Champions,High Value
17925,373,1,244.08,72,244.08,1,2,1,121,Lost Customers,Low Value
17926,133,2,397.29,306,198.645,2,3,2,232,At Risk,Medium Value
17928,45,2,212.54000000000002,140,106.27000000000001,3,3,1,331,Regular Customers,Low Value
17929,11,4,843.0,108,210.75,5,4,3,543,Loyal Customers,Medium Value
17930,36,5,1740.48,1594,348.096,3,4,4,344,Loyal Customers,High Value
17931,134,2,408.36,249,204.18,2,3,2,232,At Risk,Medium Value
17932,29,3,1331.57,789,443.8566666666666,4,4,4,444,Champions,High Value
17934,52,2,704.25,478,352.125,3,3,3,333,Regular Customers,Medium Value
17935,138,2,145.79,82,72.895,2,3,1,231,At Risk,Low Value
17936,5,1,380.13,257,380.13,5,2,2,522,Potential Loyalists,Medium Value
17937,9,7,4301.22,1754,614.46,5,5,5,555,Champions,High Value
17939,160,1,99.14,40,99.14,2,2,1,221,Lost Customers,Low Value
17940,49,10,4020.04,9323,402.004,3,5,5,355,Loyal Customers,High Value
17941,131,1,304.56,252,304.56,2,2,2,222,Lost Customers,Medium Value
17942,8,1,77.50000000000001,38,77.50000000000001,5,2,1,521,New Customers,Low Value
17946,233,2,149.57999999999998,75,74.78999999999999,1,3,1,131,At Risk,Low Value
17947,37,1,176.68,168,176.68,3,2,1,321,Regular Customers,Low Value
17948,147,1,358.56000000000006,144,358.56000000000006,2,2,2,222,Lost Customers,Medium Value
17949,1,45,58510.48,30546,1300.232888888889,5,5,5,555,Champions,Very High Value
17950,72,3,482.2,366,160.73333333333332,2,4,2,242,At Risk,Medium Value
17951,40,3,1008.5400000000001,616,336.18,3,4,4,344,Loyal Customers,High Value
17954,5,12,2314.13,2221,192.84416666666667,5,5,5,555,Champions,High Value
17955,199,4,557.3,273,139.325,1,4,3,143,At Risk,Medium Value
17956,249,1,12.75,1,12.75,1,2,1,121,Lost Customers,Low Value
17957,66,1,111.68,287,111.68,3,2,1,321,Regular Customers,Low Value
17958,117,1,508.46000000000004,84,508.46000000000004,2,2,3,223,Lost Customers,Medium Value
17960,171,1,73.78,41,73.78,2,2,1,221,Lost Customers,Low Value
17961,21,39,1296.44,560,33.242051282051285,4,5,4,454,Champions,High Value
17962,142,1,102.41,127,102.41,2,2,1,221,Lost Customers,Low Value
17964,32,2,463.21,294,231.605,4,3,2,432,Potential Loyalists,Medium Value
17965,38,14,2599.19,1532,185.65642857142856,3,5,5,355,Loyal Customers,High Value
17966,38,5,1098.43,2571,219.686,3,4,4,344,Loyal Customers,High Value
17967,372,1,112.27,73,112.27,1,2,1,121,Lost Customers,Low Value
17968,374,1,265.1,151,265.1,1,2,2,122,Lost Customers,Medium Value
17969,166,2,228.2,152,114.1,2,3,1,231,At Risk,Low Value
17970,211,1,562.79,513,562.79,1,2,3,123,Lost Customers,Medium Value
17972,242,1,135.19,36,135.19,1,2,1,121,Lost Customers,Low Value
17973,52,1,337.04,176,337.04,3,2,2,322,Regular Customers,Medium Value
17974,25,3,703.99,500,234.66333333333333,4,4,3,443,Loyal Customers,Medium Value
17975,15,13,4483.26,1565,344.86615384615385,4,5,5,455,Champions,High Value
17976,372,1,321.79,93,321.79,1,2,2,122,Lost Customers,Medium Value
17977,29,1,288.14,342,288.14,4,2,2,422,Potential Loyalists,Medium Value
17978,365,1,300.92,499,300.92,1,2,2,122,Lost Customers,Medium Value
17979,36,4,732.41,383,183.1025,3,4,3,343,Loyal Customers,Medium Value
17980,166,3,811.45,682,270.48333333333335,2,4,3,243,At Risk,Medium Value
17984,145,1,152.68,98,152.68,2,2,1,221,Lost Customers,Low Value
17985,22,1,631.35,171,631.35,4,2,3,423,Potential Loyalists,Medium Value
17986,56,1,20.8,10,20.8,3,2,1,321,Regular Customers,Low Value
17987,185,1,198.57,261,198.57,1,2,1,121,Lost Customers,Low Value
17988,12,7,201.12,43,28.731428571428573,5,5,1,551,Regular Customers,Low Value
17990,237,3,630.84,414,210.28,1,4,3,143,At Risk,Medium Value
17991,225,2,93.35,25,46.675,1,3,1,131,At Risk,Low Value
17994,122,4,674.89,495,168.7225,2,4,3,243,At Risk,Medium Value
17995,282,1,76.1,133,76.1,1,2,1,121,Lost Customers,Low Value
17997,74,8,1962.46,2273,245.3075,2,5,4,254,At Risk,High Value
17999,37,2,380.39,219,190.195,3,3,2,332,Regular Customers,Medium Value
18001,12,2,415.13,362,207.565,5,3,2,532,Potential Loyalists,Medium Value
18004,362,1,157.92,75,157.92,1,2,1,121,Lost Customers,Low Value
18005,4,2,226.47,86,113.235,5,3,1,531,Regular Customers,Low Value
18006,23,1,444.68,220,444.68,4,2,2,422,Potential Loyalists,Medium Value
18008,70,9,2116.19,1581,235.13222222222223,3,5,5,355,Loyal Customers,High Value
18009,235,1,247.39000000000001,125,247.39000000000001,1,2,1,121,Lost Customers,Low Value
18010,257,1,174.79999999999998,60,174.79999999999998,1,2,1,121,Lost Customers,Low Value
18011,373,1,102.78999999999999,71,102.78999999999999,1,2,1,121,Lost Customers,Low Value
18013,155,2,187.29,285,93.645,2,3,1,231,At Risk,Low Value
18014,28,1,162.22,66,162.22,4,2,1,421,New Customers,Low Value
18015,4,1,120.03,157,120.03,5,2,1,521,New Customers,Low Value
18016,32,5,1477.66,1027,295.53200000000004,4,4,4,444,Champions,High Value
18017,81,3,523.0,300,174.33333333333334,2,4,3,243,At Risk,Medium Value
18018,108,2,122.14,55,61.07,2,3,1,231,At Risk,Low Value
18019,52,1,38.45,7,38.45,3,2,1,321,Regular Customers,Low Value
18022,36,1,612.72,703,612.72,3,2,3,323,Regular Customers,Medium Value
18024,153,2,389.78,184,194.89,2,3,2,232,At Risk,Medium Value
18027,99,1,115.31,78,115.31,2,2,1,221,Lost Customers,Low Value
18030,4,2,230.64999999999998,67,115.32499999999999,5,3,1,531,Regular Customers,Low Value
18032,334,1,73.5,42,73.5,1,2,1,121,Lost Customers,Low Value
18033,65,1,93.82000000000001,252,93.82000000000001,3,2,1,321,Regular Customers,Low Value
18034,22,2,418.68,559,209.34,4,3,2,432,Potential Loyalists,Medium Value
18035,36,3,713.89,584,237.96333333333334,3,4,3,343,Loyal Customers,Medium Value
18036,32,3,403.12,232,134.37333333333333,4,4,2,442,Potential Loyalists,Medium Value
18037,154,6,70.02,20,11.67,2,5,1,251,At Risk,Low Value
18040,19,2,357.20000000000005,148,178.60000000000002,4,3,2,432,Potential Loyalists,Medium Value
18041,12,21,4097.37,3758,195.11285714285714,5,5,5,555,Champions,High Value
18042,54,1,165.04999999999998,33,165.04999999999998,3,2,1,321,Regular Customers,Low Value
18043,25,3,529.29,265,176.42999999999998,4,4,3,443,Loyal Customers,Medium Value
18044,4,10,2088.6,1033,208.85999999999999,5,5,5,555,Champions,High Value
18045,45,1,178.34,138,178.34,3,2,1,321,Regular Customers,Low Value
18048,203,2,172.29000000000002,127,86.14500000000001,1,3,1,131,At Risk,Low Value
18050,359,1,74.4,40,74.4,1,2,1,121,Lost Customers,Low Value
18053,71,1,300.02,302,300.02,3,2,2,322,Regular Customers,Medium Value
18055,7,10,6761.34,2452,676.134,5,5,5,555,Champions,Very High Value
18056,288,1,363.65000000000003,211,363.65000000000003,1,2,2,122,Lost Customers,Medium Value
18058,10,1,170.16,88,170.16,5,2,1,521,New Customers,Low Value
18059,23,3,306.46,258,102.15333333333332,4,4,2,442,Potential Loyalists,Medium Value
18061,22,10,2119.41,955,211.94099999999997,4,5,5,455,Champions,High Value
18062,173,3,720.52,396,240.17333333333332,2,4,3,243,At Risk,Medium Value
18064,133,2,814.0,384,407.0,2,3,3,233,At Risk,Medium Value
18065,6,14,2392.83,1027,170.91642857142855,5,5,5,555,Champions,High Value
18066,75,1,318.0,108,318.0,2,2,2,222,Lost Customers,Medium Value
18067,40,1,396.33,189,396.33,3,2,2,322,Regular Customers,Medium Value
18068,289,1,101.7,6,101.7,1,2,1,121,Lost Customers,Low Value
18069,26,5,2009.24,1296,401.848,4,4,4,444,Champions,High Value
18071,258,2,453.0,260,226.5,1,3,2,132,At Risk,Medium Value
18072,186,1,247.44,288,247.44,1,2,1,121,Lost Customers,Low Value
18073,114,12,3859.82,3102,321.6516666666667,2,5,5,255,At Risk,High Value
18074,374,1,489.6,190,489.6,1,2,3,123,Lost Customers,Medium Value
18075,23,10,2611.75,1464,261.175,4,5,5,455,Champions,High Value
18077,8,11,2584.41,1839,234.94636363636363,5,5,5,555,Champions,High Value
18078,217,2,336.13,145,168.065,1,3,2,132,At Risk,Medium Value
18079,45,4,3613.15,7347,903.2875,3,4,5,345,Loyal Customers,High Value
18080,19,2,1231.5,642,615.75,4,3,4,434,Potential Loyalists,High Value
18081,36,3,343.45,195,114.48333333333333,3,4,2,342,Regular Customers,Medium Value
18082,26,1,680.84,608,680.84,4,2,3,423,Potential Loyalists,Medium Value
18084,16,1,90.48,312,90.48,4,2,1,421,New Customers,Low Value
18085,330,2,689.95,265,344.975,1,3,3,133,At Risk,Medium Value
18086,274,1,101.34,106,101.34,1,2,1,121,Lost Customers,Low Value
18087,98,2,4055.7200000000003,3907,2027.8600000000001,2,3,5,235,Big Spenders,High Value
18088,61,1,166.03,107,166.03,3,2,1,321,Regular Customers,Low Value
18092,2,11,9068.26,4252,824.3872727272727,5,5,5,555,Champions,Very High Value
18093,93,4,2106.52,1392,526.63,2,4,5,245,At Risk,High Value
18094,82,7,3017.3,2518,431.04285714285714,2,5,5,255,At Risk,High Value
18095,313,2,580.05,419,290.025,1,3,3,133,At Risk,Medium Value
18096,12,3,849.06,788,283.02,5,4,3,543,Loyal Customers,Medium Value
18097,8,6,2662.4,1662,443.73333333333335,5,5,5,555,Champions,High Value
18099,127,1,168.31,149,168.31,2,2,1,221,Lost Customers,Low Value
18101,11,2,222.4,87,111.2,5,3,1,531,Regular Customers,Low Value
18102,1,60,259657.3,64124,4327.621666666667,5,5,5,555,Champions,Very High Value
18104,37,1,754.64,362,754.64,3,2,3,323,Regular Customers,Medium Value
18105,38,1,113.48,46,113.48,3,2,1,321,Regular Customers,Low Value
18106,330,1,421.9,126,421.9,1,2,2,122,Lost Customers,Medium Value
18108,254,1,271.0,84,271.0,1,2,2,122,Lost Customers,Medium Value
18109,2,26,8004.92,4230,307.88153846153847,5,5,5,555,Champions,Very High Value
18110,20,1,198.8,72,198.8,4,2,1,421,New Customers,Low Value
18112,12,2,352.69,255,176.345,5,3,2,532,Potential Loyalists,Medium Value
18113,369,1,76.32000000000001,72,76.32000000000001,1,2,1,121,Lost Customers,Low Value
18114,290,1,220.1,55,220.1,1,2,1,121,Lost Customers,Low Value
18116,68,8,1403.1100000000001,837,175.38875000000002,3,5,4,354,Loyal Customers,High Value
18117,26,1,315.65,605,315.65,4,2,2,422,Potential Loyalists,Medium Value
18118,11,26,5625.08,2865,216.34923076923076,5,5,5,555,Champions,Very High Value
18119,368,1,180.7,124,180.7,1,2,1,121,Lost Customers,Low Value
18120,214,1,111.15,31,111.15,1,2,1,121,Lost Customers,Low Value
18121,149,2,653.3000000000001,438,326.65000000000003,2,3,3,233,At Risk,Medium Value
18122,8,6,1793.06,1225,298.8433333333333,5,5,4,554,Champions,High Value
18123,24,2,574.4399999999999,582,287.21999999999997,4,3,3,433,Potential Loyalists,Medium Value
18125,30,4,1131.75,800,282.9375,4,4,4,444,Champions,High Value
18126,61,1,200.92,135,200.92,3,2,1,321,Regular Customers,Low Value
18127,19,3,347.08,187,115.69333333333333,4,4,2,442,Potential Loyalists,Medium Value
18129,243,1,112.55000000000001,48,112.55000000000001,1,2,1,121,Lost Customers,Low Value
18130,15,3,1059.39,824,353.13000000000005,4,4,4,444,Champions,High Value
18133,212,1,931.5,1350,931.5,1,2,3,123,Lost Customers,Medium Value
18135,29,5,681.91,349,136.382,4,4,3,443,Loyal Customers,Medium Value
18136,63,3,784.33,379,261.4433333333333,3,4,3,343,Loyal Customers,Medium Value
18138,295,1,152.65,38,152.65,1,2,1,121,Lost Customers,Low Value
18139,18,6,8438.34,5557,1406.39,4,5,5,455,Champions,Very High Value
18142,157,2,1019.52,1276,509.76,2,3,4,234,Big Spenders,High Value
18143,117,2,1000.16,570,500.08,2,3,4,234,Big Spenders,High Value
18144,8,12,2888.75,1343,240.72916666666666,5,5,5,555,Champions,High Value
18145,13,4,2861.55,2625,715.3875,5,4,5,545,Champions,High Value
18146,141,2,160.35,153,80.175,2,3,1,231,At Risk,Low Value
18147,46,2,179.34,203,89.67,3,3,1,331,Regular Customers,Low Value
18149,51,3,612.0799999999999,310,204.02666666666664,3,4,3,343,Loyal Customers,Medium Value
18150,32,3,566.58,332,188.86,4,4,3,443,Loyal Customers,Medium Value
18151,135,2,653.35,355,326.675,2,3,3,233,At Risk,Medium Value
18154,3,2,399.19,255,199.595,5,3,2,532,Potential Loyalists,Medium Value
18155,75,3,371.62,266,123.87333333333333,2,4,2,242,At Risk,Medium Value
18156,13,2,675.64,283,337.82,5,3,3,533,Potential Loyalists,Medium Value
18158,9,2,453.4,354,226.7,5,3,2,532,Potential Loyalists,Medium Value
18159,301,1,530.15,139,530.15,1,2,3,123,Lost Customers,Medium Value
18160,57,2,638.0600000000001,294,319.03000000000003,3,3,3,333,Regular Customers,Medium Value
18161,15,5,1618.69,812,323.738,4,4,4,444,Champions,High Value
18164,37,1,399.65,184,399.65,3,2,2,322,Regular Customers,Medium Value
18165,177,1,302.46,254,302.46,2,2,2,222,Lost Customers,Medium Value
18167,23,3,1384.8600000000001,382,461.62000000000006,4,4,4,444,Champions,High Value
18168,176,6,1160.04,592,193.34,2,5,4,254,At Risk,High Value
18169,61,1,202.65,61,202.65,3,2,1,321,Regular Customers,Low Value
18170,33,3,980.3100000000001,409,326.77000000000004,3,4,4,344,Loyal Customers,Medium Value
18171,59,5,1231.31,481,246.262,3,4,4,344,Loyal Customers,High Value
18172,15,20,7561.68,3184,378.084,4,5,5,455,Champions,Very High Value
18173,87,4,2106.84,1220,526.71,2,4,5,245,At Risk,High Value
18174,7,1,104.0,50,104.0,5,2,1,521,New Customers,Low Value
18176,358,1,476.35,283,476.35,1,2,2,122,Lost Customers,Medium Value
18177,31,6,1340.8700000000001,709,223.47833333333335,4,5,4,454,Champions,High Value
18178,129,4,1590.81,983,397.7025,2,4,4,244,At Risk,High Value
18179,9,6,1793.17,1360,298.8616666666667,5,5,4,554,Champions,High Value
18180,5,6,1843.75,1721,307.2916666666667,5,5,4,554,Champions,High Value
18181,24,1,366.85,133,366.85,4,2,2,422,Potential Loyalists,Medium Value
18183,227,2,632.07,371,316.035,1,3,3,133,At Risk,Medium Value
18184,15,1,49.8,60,49.8,4,2,1,421,New Customers,Low Value
18185,249,1,304.25,183,304.25,1,2,2,122,Lost Customers,Medium Value
18188,15,3,2001.04,1168,667.0133333333333,4,4,4,444,Champions,High Value
18189,78,2,1090.24,566,545.12,2,3,4,234,Big Spenders,High Value
18190,192,2,284.46000000000004,140,142.23000000000002,1,3,2,132,At Risk,Medium Value
18191,262,1,207.8,140,207.8,1,2,1,121,Lost Customers,Low Value
18192,72,1,957.97,339,957.97,2,2,4,224,Big Spenders,Medium Value
18193,165,1,243.76,124,243.76,2,2,1,221,Lost Customers,Low Value
18194,82,1,973.84,632,973.84,2,2,4,224,Big Spenders,Medium Value
18196,95,2,686.63,431,343.315,2,3,3,233,At Risk,Medium Value
18198,4,17,5425.56,4074,319.15058823529415,5,5,5,555,Champions,Very High Value
18200,106,1,150.35,104,150.35,2,2,1,221,Lost Customers,Low Value
18202,200,3,1396.99,581,465.66333333333336,1,4,4,144,At Risk,High Value
18203,157,1,160.42000000000002,43,160.42000000000002,2,2,1,221,Lost Customers,Low Value
18204,71,3,1975.3500000000001,1190,658.45,3,4,4,344,Loyal Customers,High Value
18205,36,2,517.36,192,258.68,3,3,3,333,Regular Customers,Medium Value
18209,29,1,139.10000000000002,58,139.10000000000002,4,2,1,421,New Customers,Low Value
18210,2,6,2621.38,1398,436.8966666666667,5,5,5,555,Champions,High Value
18211,26,5,600.07,359,120.01400000000001,4,4,3,443,Loyal Customers,Medium Value
18212,326,1,216.07,92,216.07,1,2,1,121,Lost Customers,Low Value
18213,237,1,232.48000000000002,232,232.48000000000002,1,2,1,121,Lost Customers,Low Value
18215,89,1,299.34000000000003,118,299.34000000000003,2,2,2,222,Lost Customers,Medium Value
18216,31,1,481.75,200,481.75,4,2,2,422,Potential Loyalists,Medium Value
18217,29,2,621.75,491,310.875,4,3,3,433,Potential Loyalists,Medium Value
18218,211,2,641.92,536,320.96,1,3,3,133,At Risk,Medium Value
18219,3,10,2069.77,885,206.977,5,5,5,555,Champions,High Value
18220,227,1,305.28,288,305.28,1,2,2,122,Lost Customers,Medium Value
18221,22,5,1041.61,791,208.32199999999997,4,4,4,444,Champions,High Value
18222,93,1,443.0,335,443.0,2,2,2,222,Lost Customers,Medium Value
18223,5,14,6484.54,2948,463.18142857142857,5,5,5,555,Champions,Very High Value
18224,264,1,158.95000000000002,69,158.95000000000002,1,2,1,121,Lost Customers,Low Value
18225,3,12,5504.96,3242,458.74666666666667,5,5,5,555,Champions,Very High Value
18226,44,11,5228.05,3466,475.27727272727276,3,5,5,355,Loyal Customers,Very High Value
18227,218,1,93.75,21,93.75,1,2,1,121,Lost Customers,Low Value
18228,57,2,779.9,238,389.95,3,3,3,333,Regular Customers,Medium Value
18229,12,20,7276.9,2488,363.84499999999997,5,5,5,555,Champions,Very High Value
18230,9,7,2810.2000000000003,1316,401.4571428571429,5,5,5,555,Champions,High Value
18231,192,5,2071.77,819,414.354,1,4,5,145,At Risk,High Value
18232,82,4,592.97,302,148.2425,2,4,3,243,At Risk,Medium Value
18233,326,1,440.0,4,440.0,1,2,2,122,Lost Customers,Medium Value
18235,72,3,1796.48,1578,598.8266666666667,2,4,4,244,At Risk,High Value
18236,30,6,882.24,403,147.04,4,5,3,453,Loyal Customers,Medium Value
18237,3,5,987.1,622,197.42000000000002,5,4,4,544,Champions,Medium Value
18239,219,5,1561.6100000000001,795,312.322,1,4,4,144,At Risk,High Value
18240,46,1,422.58,126,422.58,3,2,2,322,Regular Customers,Medium Value
18241,10,17,2073.09,1051,121.9464705882353,5,5,5,555,Champions,High Value
18242,72,4,2232.4900000000002,1017,558.1225000000001,2,4,5,245,At Risk,High Value
18245,7,7,2567.06,1788,366.72285714285715,5,5,5,555,Champions,High Value
18246,24,2,596.1,166,298.05,4,3,3,433,Potential Loyalists,Medium Value
18248,123,2,804.02,511,402.01,2,3,3,233,At Risk,Medium Value
18249,17,1,95.34,128,95.34,4,2,1,421,New Customers,Low Value
18250,310,1,349.27,199,349.27,1,2,2,122,Lost Customers,Medium Value
18251,87,1,4314.72,7824,4314.72,2,2,5,225,Big Spenders,High Value
18252,51,2,518.27,234,259.135,3,3,3,333,Regular Customers,Medium Value
18255,89,1,103.30000000000001,74,103.30000000000001,2,2,1,221,Lost Customers,Low Value
18257,39,8,2337.63,1041,292.20375,3,5,5,355,Loyal Customers,High Value
18259,25,3,2338.6,714,779.5333333333333,4,4,5,445,Champions,High Value
18260,173,6,2628.35,1475,438.05833333333334,2,5,5,255,At Risk,High Value
18261,43,2,324.24,146,162.12,3,3,2,332,Regular Customers,Medium Value
18262,140,1,149.48,182,149.48,2,2,1,221,Lost Customers,Low Value
18263,26,3,1213.16,1468,404.3866666666667,4,4,4,444,Champions,High Value
18265,72,2,801.51,311,400.755,2,3,3,233,At Risk,Medium Value
18268,134,1,25.5,2,25.5,2,2,1,221,Lost Customers,Low Value
18269,366,1,168.60000000000002,76,168.60000000000002,1,2,1,121,Lost Customers,Low Value
18270,38,2,283.15000000000003,101,141.57500000000002,3,3,2,332,Regular Customers,Medium Value
18272,3,6,3078.58,2050,513.0966666666667,5,5,5,555,Champions,High Value
18273,2,3,204.0,80,68.0,5,4,1,541,Regular Customers,Low Value
18274,30,1,175.92,88,175.92,4,2,1,421,New Customers,Low Value
18276,44,1,335.86,186,335.86,3,2,2,322,Regular Customers,Medium Value
18277,58,1,110.38,68,110.38,3,2,1,321,Regular Customers,Low Value
18278,74,1,173.9,66,173.9,2,2,1,221,Lost Customers,Low Value
18280,278,1,180.60000000000002,45,180.60000000000002,1,2,1,121,Lost Customers,Low Value
18281,181,1,80.82,54,80.82,1,2,1,121,Lost Customers,Low Value
18282,8,2,178.05,103,89.025,5,3,1,531,Regular Customers,Low Value
18283,4,16,2045.53,1357,127.845625,5,5,4,554,Champions,High Value
18287,43,3,1837.28,1586,612.4266666666666,3,4,4,344,Loyal Customers,High Value
